{"stats":{"minecraft:used":{"minecraft:iron_bars":1,"minecraft:stone_sword":2,"minecraft:red_concrete":1,"minecraft:polished_blackstone":2,"tacz:gun_smith_table":3,"minecraft:chest":4,"minecraft:iron_sword":91,"spore:combat_pickaxe":23,"minecraft:rotten_flesh":1,"minecraft:torch":8,"minecraft:chainmail_chestplate":1,"last_of_us:noxioussack":2,"minecraft:granite":3,"minecraft:stone_brick_slab":1,"minecraft:polished_blackstone_slab":1,"minecraft:polished_diorite":1,"minecraft:dark_oak_planks":1,"minecraft:birch_door":2,"spore:living_helmet":1,"minecraft:cyan_terracotta":65,"spore:sausage":1,"minecraft:iron_helmet":3,"minecraft:iron_boots":1,"minecraft:stone_bricks":1,"minecraft:light_gray_wool":3,"minecraft:potato":15,"minecraft:cooked_beef":4,"minecraft:water_bucket":5,"minecraft:stone_pickaxe":110,"minecraft:oak_planks":45,"spore:living_boots":3,"minecraft:golden_apple":3,"minecraft:crafting_table":2,"minecraft:light_gray_terracotta":1,"minecraft:white_bed":13,"securitycraft:furnace_mine":1,"minecraft:black_wool":1,"minecraft:apple":2,"minecraft:bread":6,"spore:saber":107,"minecraft:iron_pickaxe":104,"spore:living_pants":1,"minecraft:leather_helmet":1,"minecraft:wooden_sword":19,"minecraft:cobblestone":58,"minecraft:chainmail_boots":1,"minecraft:bucket":6,"minecraft:splash_potion":1,"minecraft:cobweb":224,"minecraft:chainmail_leggings":2},"minecraft:custom":{"minecraft:mob_kills":68,"minecraft:interact_with_crafting_table":35,"minecraft:open_barrel":48,"minecraft:leave_game":1,"minecraft:time_since_death":1150,"minecraft:climb_one_cm":84998,"minecraft:sprint_one_cm":731822,"minecraft:walk_one_cm":549314,"minecraft:drop":319,"minecraft:play_time":296996,"minecraft:deaths":88,"minecraft:sneak_time":18188,"minecraft:walk_under_water_one_cm":21856,"minecraft:jump":2687,"minecraft:interact_with_brewingstand":1,"minecraft:interact_with_blast_furnace":18,"minecraft:total_world_time":296996,"minecraft:walk_on_water_one_cm":23820,"minecraft:interact_with_furnace":8,"minecraft:sleep_in_bed":27,"minecraft:time_since_rest":1180,"minecraft:damage_taken":19649,"minecraft:damage_dealt":506,"minecraft:player_kills":15,"minecraft:swim_one_cm":85566,"minecraft:fly_one_cm":449652,"minecraft:open_chest":241,"minecraft:crouch_one_cm":33915,"minecraft:interact_with_smoker":6,"minecraft:fall_one_cm":178826},"minecraft:mined":{"minecraft:white_bed":4,"minecraft:blue_stained_glass_pane":7,"minecraft:jungle_leaves":1,"minecraft:obsidian":1,"minecraft:granite":11,"minecraft:grass_block":1,"minecraft:brick_stairs":13,"minecraft:cracked_polished_blackstone_bricks":4,"minecraft:white_stained_glass":2,"minecraft:polished_diorite":3,"minecraft:spruce_leaves":1,"tacz:gun_smith_table":3,"minecraft:light_blue_stained_glass":2,"minecraft:carrots":7,"minecraft:iron_ore":23,"minecraft:enchanting_table":1,"minecraft:potatoes":3,"minecraft:vine":1,"minecraft:iron_bars":5,"minecraft:stone":23,"minecraft:gray_terracotta":20,"minecraft:glass_pane":5,"minecraft:cyan_terracotta":67,"minecraft:stone_brick_slab":1,"minecraft:torch":1,"minecraft:light_gray_terracotta":1,"minecraft:blast_furnace":1,"minecraft:gray_stained_glass":11,"minecraft:chest":2,"minecraft:white_stained_glass_pane":4,"minecraft:cobblestone":23,"minecraft:glass":5,"last_of_us:noxioussack":6,"minecraft:red_concrete":1,"minecraft:bricks":2,"minecraft:oak_planks":3,"minecraft:black_stained_glass":1,"minecraft:birch_log":1,"minecraft:wheat":16,"minecraft:smooth_stone_slab":4,"minecraft:oak_log":18,"minecraft:beetroots":3,"minecraft:cobweb":214,"minecraft:stone_bricks":5,"minecraft:polished_blackstone":4,"minecraft:oak_leaves":10,"minecraft:dark_oak_planks":1,"minecraft:light_blue_stained_glass_pane":5},"minecraft:picked_up":{"minecraft:wooden_axe":1,"minecraft:birch_door":2,"spore:mutated_heart":17,"minecraft:crafting_table":1,"minecraft:iron_chestplate":2,"minecraft:wheat":67,"minecraft:splash_potion":2,"minecraft:chainmail_boots":5,"minecraft:ladder":1,"minecraft:leather_leggings":1,"minecraft:lead":2,"securitycraft:furnace_mine":2,"minecraft:enchanted_book":3,"minecraft:shield":7,"minecraft:cornflower":2,"minecraft:string":375,"spore:saber":12,"minecraft:raw_copper":34,"minecraft:smooth_stone_slab":8,"tacz:ammo":2395,"spore:corrosive_sack":3,"minecraft:beetroot":3,"minecraft:cracked_stone_bricks":6,"minecraft:gold_nugget":3,"usefulbackpacks:backpack_small":9,"minecraft:bucket":3,"minecraft:eye_armor_trim_smithing_template":1,"spore:combat_pickaxe":13,"minecraft:redstone_torch":1,"minecraft:calcite":2,"minecraft:iron_nugget":12,"minecraft:iron_pickaxe":9,"spore:living_helmet":1,"minecraft:chest":2,"minecraft:iron_boots":3,"minecraft:raw_iron":23,"minecraft:stick":126,"spore:tumor":4,"last_of_us:rags":12,"spore:plated_muscle":3,"minecraft:oak_door":1,"minecraft:copper_ingot":153,"minecraft:torch":51,"minecraft:polished_blackstone_bricks":1,"minecraft:diorite":4,"minecraft:carrot":40,"minecraft:redstone":2,"last_of_us:rock":3,"minecraft:iron_horse_armor":1,"minecraft:dark_oak_planks":1,"minecraft:quartz_block":16,"minecraft:stone_sword":1,"minecraft:cactus":20,"minecraft:rotten_flesh":187,"minecraft:beetroot_seeds":7,"spore:sausage":3,"minecraft:cyan_terracotta":69,"minecraft:saddle":2,"minecraft:gold_ingot":4,"firstaid:bandage":73,"minecraft:polished_blackstone":39,"minecraft:brick_stairs":11,"minecraft:obsidian":1,"minecraft:iron_bars":9,"minecraft:cobblestone":1127,"minecraft:birch_log":1,"spore:altered_spleen":1,"minecraft:cooked_beef":685,"minecraft:water_bucket":1,"minecraft:leather":53,"minecraft:brown_wool":4,"minecraft:potato":34,"minecraft:flint":3,"minecraft:oak_log":224,"minecraft:chainmail_chestplate":5,"spore:living_boots":15,"minecraft:gunpowder":102,"spore:living_pants":13,"minecraft:lapis_lazuli":43,"minecraft:dirt":22,"minecraft:name_tag":6,"minecraft:bone":59,"minecraft:kelp":5,"minecraft:apple":3,"minecraft:stone_bricks":9,"spore:nerves":5,"minecraft:gray_terracotta":78,"minecraft:wheat_seeds":42,"minecraft:iron_ingot":101,"minecraft:stone_pickaxe":4,"minecraft:cobweb":224,"spore:mutated_fiber":195,"minecraft:glowstone_dust":2,"tacz:gun_smith_table":4,"minecraft:oak_planks":498,"minecraft:iron_sword":3,"minecraft:book":42,"firstaid:plaster":19,"minecraft:oak_slab":4,"securitycraft:mine":2,"spore:cerebrum":17,"spore:living_core":1,"minecraft:daylight_detector":3,"minecraft:stone_brick_slab":1,"spore:armor_fragment":66,"minecraft:gravel":12,"minecraft:polished_blackstone_slab":1,"minecraft:blast_furnace":5,"minecraft:white_bed":11,"minecraft:fermented_spider_eye":7,"last_of_us:noxioustree":46,"minecraft:spider_eye":2,"minecraft:barrel":3,"minecraft:leather_helmet":5,"spore:claw_fragment":69,"minecraft:light_gray_terracotta":1,"minecraft:diamond":9,"minecraft:polished_diorite":11,"tacz:modern_kinetic_gun":31,"minecraft:iron_helmet":17,"minecraft:chainmail_leggings":4,"minecraft:cracked_polished_blackstone_bricks":9,"minecraft:crossbow":3,"minecraft:granite":35,"minecraft:golden_apple":3,"minecraft:emerald":1,"minecraft:bread":83,"spore:spine_fragment":34,"minecraft:oak_sapling":1,"minecraft:melon_seeds":5,"minecraft:black_wool":2,"minecraft:red_concrete":3,"minecraft:bricks":4,"minecraft:coal":374,"last_of_us:noxioussack":20},"minecraft:dropped":{"minecraft:enchanted_book":1,"minecraft:iron_ingot":5,"minecraft:bread":7,"minecraft:iron_sword":1,"minecraft:wheat_seeds":10,"minecraft:oak_log":64,"minecraft:book":21,"minecraft:cobblestone":64,"last_of_us:noxioustree":2,"minecraft:leather":23,"minecraft:iron_horse_armor":1,"minecraft:cracked_stone_bricks":4,"minecraft:coal":12,"minecraft:stick":5,"minecraft:cyan_terracotta":4,"minecraft:cobweb":58,"minecraft:cracked_polished_blackstone_bricks":3,"last_of_us:rock":1,"firstaid:bandage":16,"minecraft:diorite":4,"minecraft:wooden_axe":1,"securitycraft:furnace_mine":1,"minecraft:gold_nugget":2,"tacz:modern_kinetic_gun":7,"minecraft:iron_pickaxe":2,"minecraft:fermented_spider_eye":2,"minecraft:string":5,"minecraft:bucket":1,"spore:claw_fragment":22,"minecraft:bone":14,"minecraft:oak_door":1,"minecraft:gravel":12,"minecraft:bricks":2,"last_of_us:noxioussack":6,"minecraft:stone_sword":1,"minecraft:wheat":1,"minecraft:rotten_flesh":67,"minecraft:oak_planks":19,"spore:corrosive_sack":1,"minecraft:eye_armor_trim_smithing_template":2,"minecraft:shield":1,"minecraft:gunpowder":1,"minecraft:quartz_block":16,"minecraft:melon_seeds":5,"last_of_us:rags":1,"minecraft:spider_eye":2,"tacz:ammo":163,"minecraft:iron_bars":1,"minecraft:stone_pickaxe":2,"minecraft:calcite":2,"spore:armor_fragment":18},"minecraft:killed":{"last_of_us:bloater":2,"last_of_us:runner":9,"minecraft:spider":4,"last_of_us:clicker":10,"spore:spitter":1,"spore:inf_player":1,"last_of_us:shambler":2,"last_of_us:crawler":2,"minecraft:creeper":6,"last_of_us:stalker":9,"spore:inf_pillager":8,"spore:inf_villager":7,"spore:inf_human":2,"spore:inf_witch":1,"spore:inf_husk":4},"minecraft:broken":{"minecraft:wooden_sword":1},"minecraft:killed_by":{"minecraft:player":14,"spore:busser":3,"spore:inf_human":1,"spore:inquisitor":2,"spore:inf_pillager":1,"spore:spitter":1,"spore:jagd":1,"last_of_us:runner":9,"spore:inf_player":3,"sanitydim:sneaking_terror":1,"spore:inf_husk":1,"last_of_us:clicker":5,"spore:inf_villager":1,"spore:inf_witch":1,"spore:stalker":1,"last_of_us:bloater":10,"last_of_us:stalker":1},"minecraft:crafted":{"spore:claw":3,"minecraft:smooth_stone":3,"minecraft:oak_planks":188,"usefulbackpacks:backpack_small":1,"minecraft:stone":3,"firstaid:plaster":12,"spore:fleshy_bone":2,"minecraft:stone_pickaxe":1,"spore:fleshy_claw":4,"minecraft:chest":4,"spore:combat_pickaxe":1,"spore:living_core":1,"minecraft:crafting_table":2,"minecraft:iron_sword":1,"minecraft:copper_ingot":59,"minecraft:bread":5,"minecraft:air":0,"spore:saber":1,"minecraft:white_wool":50,"minecraft:stick":36,"minecraft:iron_ingot":25,"minecraft:iron_pickaxe":2,"spore:plated_muscle":3,"firstaid:bandage":2,"spore:hardened_bind":1,"minecraft:white_bed":5,"spore:sausage":4,"minecraft:torch":16}},"DataVersion":3465}