{"stats":{"minecraft:used":{"minecraft:stone_sword":2,"minecraft:stone_pickaxe":103,"minecraft:chest":2,"minecraft:rotten_flesh":1,"minecraft:crafting_table":1,"minecraft:white_bed":2,"minecraft:granite":3,"minecraft:dark_oak_planks":1,"minecraft:leather_helmet":1,"minecraft:iron_boots":1,"minecraft:wooden_sword":19,"minecraft:cobblestone":41,"minecraft:potato":14,"minecraft:chainmail_leggings":2,"minecraft:cobweb":22},"minecraft:custom":{"minecraft:mob_kills":14,"minecraft:interact_with_crafting_table":5,"minecraft:open_barrel":38,"minecraft:time_since_death":8878,"minecraft:sleep_in_bed":2,"minecraft:time_since_rest":8902,"minecraft:sprint_one_cm":144721,"minecraft:damage_taken":3881,"minecraft:walk_one_cm":98496,"minecraft:drop":12,"minecraft:damage_dealt":277,"minecraft:player_kills":1,"minecraft:swim_one_cm":6807,"minecraft:fly_one_cm":135087,"minecraft:open_chest":15,"minecraft:crouch_one_cm":6845,"minecraft:play_time":42456,"minecraft:deaths":20,"minecraft:sneak_time":2198,"minecraft:walk_under_water_one_cm":4112,"minecraft:jump":804,"minecraft:interact_with_blast_furnace":7,"minecraft:walk_on_water_one_cm":7327,"minecraft:interact_with_smoker":4,"minecraft:total_world_time":42456,"minecraft:fall_one_cm":16058},"minecraft:mined":{"minecraft:dark_oak_planks":1,"minecraft:white_bed":1,"minecraft:blue_stained_glass_pane":2,"minecraft:granite":11,"minecraft:blast_furnace":1,"minecraft:grass_block":1,"minecraft:brick_stairs":13,"minecraft:cobblestone":22,"last_of_us:noxioussack":1,"minecraft:oak_planks":1,"minecraft:bricks":2,"minecraft:carrots":7,"minecraft:birch_log":1,"minecraft:iron_ore":23,"minecraft:wheat":16,"minecraft:oak_log":13,"minecraft:potatoes":3,"minecraft:beetroots":3,"minecraft:iron_bars":2,"minecraft:cobweb":19,"minecraft:stone":23},"minecraft:picked_up":{"last_of_us:noxioussack":2,"minecraft:birch_log":1,"spore:mutated_heart":4,"minecraft:iron_chestplate":2,"minecraft:wheat":18,"minecraft:chainmail_boots":3,"minecraft:leather_leggings":1,"minecraft:potato":34,"minecraft:oak_log":11,"minecraft:lapis_lazuli":43,"minecraft:string":18,"minecraft:dirt":1,"minecraft:raw_copper":34,"tacz:ammo":30,"spore:corrosive_sack":2,"minecraft:beetroot":3,"minecraft:wheat_seeds":42,"minecraft:iron_ingot":16,"minecraft:stone_pickaxe":2,"minecraft:cobweb":186,"minecraft:calcite":2,"spore:mutated_fiber":59,"tacz:gun_smith_table":1,"minecraft:oak_planks":55,"minecraft:iron_boots":2,"spore:tumor":4,"minecraft:oak_slab":4,"minecraft:stick":17,"minecraft:raw_iron":23,"spore:cerebrum":12,"minecraft:oak_door":1,"minecraft:daylight_detector":3,"minecraft:copper_ingot":45,"spore:armor_fragment":11,"minecraft:torch":5,"minecraft:diorite":4,"minecraft:blast_furnace":1,"minecraft:white_bed":1,"minecraft:carrot":36,"last_of_us:noxioustree":6,"minecraft:leather_helmet":3,"minecraft:dark_oak_planks":1,"minecraft:rotten_flesh":2,"spore:claw_fragment":22,"minecraft:stone_sword":1,"minecraft:beetroot_seeds":7,"tacz:modern_kinetic_gun":4,"minecraft:crossbow":2,"minecraft:chainmail_leggings":4,"minecraft:granite":35,"minecraft:brick_stairs":11,"minecraft:bricks":4,"minecraft:iron_bars":1,"minecraft:cobblestone":256},"minecraft:dropped":{"minecraft:bricks":2,"minecraft:wheat_seeds":10,"minecraft:stone_sword":1,"last_of_us:noxioustree":2,"minecraft:stick":5,"minecraft:cobweb":58,"minecraft:diorite":4,"tacz:modern_kinetic_gun":1,"minecraft:calcite":2,"minecraft:oak_door":1},"minecraft:killed":{"spore:inf_player":1,"spore:inf_pillager":7,"spore:inf_villager":2,"spore:inf_human":1,"last_of_us:clicker":1,"spore:spitter":1,"spore:inf_husk":1},"minecraft:broken":{"minecraft:wooden_sword":1},"minecraft:killed_by":{"last_of_us:runner":1,"spore:inf_player":2,"spore:inf_husk":1,"minecraft:player":2,"last_of_us:clicker":2,"spore:busser":3,"spore:inf_villager":1,"spore:inf_human":1,"spore:inquisitor":2,"spore:stalker":1,"spore:inf_pillager":1,"spore:spitter":1,"last_of_us:stalker":1,"spore:jagd":1},"minecraft:crafted":{"minecraft:oak_planks":60,"minecraft:crafting_table":1,"minecraft:iron_sword":1,"minecraft:copper_ingot":57,"minecraft:air":0,"minecraft:white_wool":3,"minecraft:stick":12,"minecraft:iron_ingot":23,"minecraft:stone_pickaxe":1,"minecraft:chest":2,"minecraft:white_bed":1}},"DataVersion":3465}