{"stats":{"minecraft:used":{"minecraft:stone_sword":2,"minecraft:polished_blackstone":2,"tacz:gun_smith_table":1,"minecraft:chest":2,"minecraft:iron_sword":91,"minecraft:rotten_flesh":1,"minecraft:chainmail_chestplate":1,"minecraft:granite":3,"minecraft:polished_blackstone_slab":1,"minecraft:dark_oak_planks":1,"spore:living_helmet":1,"minecraft:iron_boots":1,"minecraft:potato":15,"minecraft:stone_pickaxe":109,"spore:living_boots":1,"minecraft:crafting_table":1,"minecraft:white_bed":9,"minecraft:bread":2,"minecraft:iron_pickaxe":2,"minecraft:leather_helmet":1,"minecraft:wooden_sword":19,"minecraft:cobblestone":44,"minecraft:cobweb":134,"minecraft:chainmail_leggings":2},"minecraft:custom":{"minecraft:mob_kills":16,"minecraft:interact_with_crafting_table":9,"minecraft:open_barrel":38,"minecraft:time_since_death":2399,"minecraft:climb_one_cm":11723,"minecraft:sprint_one_cm":262197,"minecraft:walk_one_cm":154324,"minecraft:drop":14,"minecraft:play_time":72456,"minecraft:deaths":35,"minecraft:sneak_time":3946,"minecraft:walk_under_water_one_cm":4112,"minecraft:jump":1097,"minecraft:interact_with_blast_furnace":8,"minecraft:walk_on_water_one_cm":7327,"minecraft:total_world_time":72456,"minecraft:sleep_in_bed":8,"minecraft:time_since_rest":2424,"minecraft:damage_taken":7394,"minecraft:damage_dealt":281,"minecraft:swim_one_cm":6807,"minecraft:fly_one_cm":167037,"minecraft:player_kills":1,"minecraft:open_chest":34,"minecraft:crouch_one_cm":9821,"minecraft:interact_with_smoker":4,"minecraft:fall_one_cm":42656},"minecraft:picked_up":{"last_of_us:noxioussack":3,"minecraft:iron_chestplate":2,"spore:mutated_heart":4,"minecraft:wheat":61,"minecraft:splash_potion":1,"minecraft:chainmail_boots":3,"minecraft:ladder":1,"minecraft:leather_leggings":1,"minecraft:enchanted_book":3,"minecraft:string":205,"minecraft:raw_copper":34,"tacz:ammo":207,"spore:corrosive_sack":2,"minecraft:beetroot":3,"minecraft:calcite":2,"minecraft:iron_pickaxe":3,"spore:living_helmet":1,"minecraft:iron_boots":3,"minecraft:raw_iron":23,"minecraft:stick":67,"spore:tumor":4,"last_of_us:rags":2,"minecraft:oak_door":1,"minecraft:copper_ingot":45,"minecraft:torch":28,"minecraft:diorite":4,"minecraft:carrot":40,"minecraft:redstone":2,"last_of_us:rock":1,"minecraft:dark_oak_planks":1,"minecraft:stone_sword":1,"minecraft:cactus":20,"minecraft:rotten_flesh":5,"minecraft:beetroot_seeds":7,"minecraft:gold_ingot":4,"minecraft:polished_blackstone":4,"minecraft:brick_stairs":11,"minecraft:iron_bars":5,"minecraft:cobblestone":473,"minecraft:birch_log":1,"spore:altered_spleen":1,"minecraft:potato":34,"minecraft:flint":3,"minecraft:oak_log":11,"minecraft:chainmail_chestplate":2,"spore:living_boots":2,"minecraft:gunpowder":7,"minecraft:lapis_lazuli":43,"minecraft:dirt":1,"minecraft:bone":3,"minecraft:gray_terracotta":12,"minecraft:wheat_seeds":42,"minecraft:iron_ingot":23,"minecraft:stone_pickaxe":3,"minecraft:cobweb":224,"spore:mutated_fiber":105,"tacz:gun_smith_table":1,"minecraft:oak_planks":167,"minecraft:iron_sword":1,"minecraft:book":42,"minecraft:oak_slab":4,"firstaid:plaster":3,"spore:cerebrum":13,"spore:living_core":1,"minecraft:daylight_detector":3,"spore:armor_fragment":11,"minecraft:polished_blackstone_slab":1,"minecraft:blast_furnace":1,"minecraft:white_bed":5,"minecraft:fermented_spider_eye":3,"last_of_us:noxioustree":15,"minecraft:leather_helmet":5,"spore:claw_fragment":40,"tacz:modern_kinetic_gun":7,"minecraft:chainmail_leggings":4,"minecraft:crossbow":3,"minecraft:granite":35,"minecraft:golden_apple":2,"minecraft:bread":6,"spore:spine_fragment":12,"minecraft:bricks":4},"minecraft:mined":{"minecraft:dark_oak_planks":1,"minecraft:white_bed":2,"minecraft:blue_stained_glass_pane":2,"minecraft:jungle_leaves":1,"minecraft:granite":11,"minecraft:grass_block":1,"minecraft:brick_stairs":13,"minecraft:carrots":7,"minecraft:iron_ore":23,"minecraft:potatoes":3,"minecraft:iron_bars":4,"minecraft:stone":23,"minecraft:gray_terracotta":2,"minecraft:glass_pane":5,"minecraft:blast_furnace":1,"last_of_us:noxioussack":1,"minecraft:cobblestone":22,"minecraft:oak_planks":1,"minecraft:bricks":2,"minecraft:birch_log":1,"minecraft:wheat":16,"minecraft:oak_log":13,"minecraft:beetroots":3,"minecraft:cobweb":110,"minecraft:polished_blackstone":3,"minecraft:oak_leaves":4},"minecraft:dropped":{"minecraft:wheat_seeds":10,"last_of_us:noxioustree":2,"minecraft:stick":5,"minecraft:cobweb":58,"minecraft:diorite":4,"tacz:modern_kinetic_gun":1,"minecraft:oak_door":1,"minecraft:bricks":2,"minecraft:stone_sword":1,"minecraft:oak_planks":19,"tacz:ammo":15,"minecraft:calcite":2},"minecraft:killed":{"minecraft:spider":2,"last_of_us:clicker":1,"spore:spitter":1,"spore:inf_player":1,"spore:inf_pillager":7,"spore:inf_villager":2,"spore:inf_human":1,"spore:inf_husk":1},"minecraft:broken":{"minecraft:wooden_sword":1},"minecraft:killed_by":{"minecraft:player":2,"spore:busser":3,"spore:inf_human":1,"spore:inquisitor":2,"spore:inf_pillager":1,"spore:spitter":1,"spore:jagd":1,"last_of_us:runner":6,"spore:inf_player":2,"spore:inf_husk":1,"last_of_us:clicker":2,"spore:inf_villager":1,"spore:stalker":1,"last_of_us:bloater":5,"last_of_us:stalker":1},"minecraft:crafted":{"minecraft:oak_planks":88,"firstaid:plaster":4,"minecraft:stone_pickaxe":1,"minecraft:chest":2,"minecraft:crafting_table":1,"minecraft:iron_sword":1,"minecraft:copper_ingot":57,"minecraft:air":0,"minecraft:white_wool":20,"minecraft:stick":24,"minecraft:iron_ingot":23,"minecraft:iron_pickaxe":1,"minecraft:white_bed":4}},"DataVersion":3465}