{"stats":{"minecraft:used":{"minecraft:dark_oak_planks":1,"minecraft:wooden_sword":5,"minecraft:cobblestone":4,"minecraft:crafting_table":1,"minecraft:cobweb":10},"minecraft:custom":{"minecraft:time_since_rest":1812,"minecraft:deaths":4,"minecraft:crouch_one_cm":32,"minecraft:play_time":6456,"minecraft:sprint_one_cm":29866,"minecraft:damage_taken":630,"minecraft:walk_one_cm":8016,"minecraft:sneak_time":18,"minecraft:jump":117,"minecraft:damage_dealt":7,"minecraft:time_since_death":1771,"minecraft:walk_on_water_one_cm":722,"minecraft:sleep_in_bed":1,"minecraft:total_world_time":6456,"minecraft:fall_one_cm":2127,"minecraft:fly_one_cm":28208,"minecraft:open_barrel":2},"minecraft:mined":{"minecraft:dark_oak_planks":1,"minecraft:potatoes":3,"minecraft:oak_log":10,"minecraft:beetroots":3,"minecraft:carrots":7,"minecraft:cobweb":5,"minecraft:birch_log":1,"minecraft:wheat":16},"minecraft:picked_up":{"minecraft:dark_oak_planks":1,"minecraft:wheat":10,"minecraft:stick":8,"minecraft:beetroot":3,"minecraft:beetroot_seeds":7,"minecraft:wheat_seeds":32,"minecraft:potato":12,"minecraft:oak_log":8,"minecraft:carrot":28,"minecraft:string":2,"minecraft:cobblestone":12,"minecraft:birch_log":1},"minecraft:killed_by":{"last_of_us:runner":1,"minecraft:player":1,"last_of_us:clicker":2},"minecraft:crafted":{"minecraft:oak_planks":32,"minecraft:crafting_table":1,"minecraft:stick":8}},"DataVersion":3465}