{"stats":{"minecraft:used":{"minecraft:polished_blackstone":2,"minecraft:chest":13,"minecraft:iron_sword":96,"spore:combat_pickaxe":249,"minecraft:rotten_flesh":1,"minecraft:iron_chestplate":1,"last_of_us:noxioussack":2,"minecraft:milk_bucket":1,"minecraft:polished_blackstone_slab":1,"minecraft:cyan_terracotta":65,"minecraft:iron_helmet":5,"minecraft:stone_bricks":7,"minecraft:furnace":2,"minecraft:potato":15,"minecraft:stone_pickaxe":110,"minecraft:oak_planks":68,"minecraft:golden_apple":4,"minecraft:blast_furnace":2,"minecraft:light_gray_terracotta":5,"minecraft:dripstone_block":10,"spore:greatsword":2,"minecraft:bread":7,"spore:living_pants":1,"minecraft:coal_block":1,"minecraft:wooden_sword":19,"minecraft:chainmail_boots":1,"minecraft:cobweb":230,"minecraft:iron_bars":1,"minecraft:stone_sword":2,"minecraft:flint_and_steel":1,"minecraft:red_concrete":1,"tacz:gun_smith_table":3,"minecraft:torch":163,"minecraft:dirt":1,"minecraft:chainmail_chestplate":2,"minecraft:granite":3,"minecraft:polished_diorite":2,"minecraft:birch_door":2,"minecraft:stone_brick_slab":1,"minecraft:dark_oak_planks":1,"spore:living_helmet":1,"minecraft:spruce_button":1,"spore:sausage":1,"minecraft:iron_boots":3,"minecraft:light_gray_wool":3,"minecraft:goat_horn":1,"minecraft:cooked_beef":13,"minecraft:enchanted_golden_apple":4,"minecraft:iron_leggings":2,"minecraft:water_bucket":28,"spore:living_boots":3,"minecraft:rail":1,"minecraft:crafting_table":2,"minecraft:white_bed":15,"securitycraft:furnace_mine":1,"minecraft:oak_log":13,"minecraft:black_wool":1,"minecraft:apple":2,"spore:saber":117,"minecraft:iron_pickaxe":496,"minecraft:leather_helmet":1,"minecraft:pink_bed":4,"minecraft:cobblestone":109,"minecraft:bucket":30,"minecraft:splash_potion":1,"minecraft:chainmail_leggings":2},"minecraft:custom":{"minecraft:interact_with_crafting_table":39,"minecraft:open_barrel":125,"minecraft:leave_game":33,"minecraft:time_since_death":18030,"minecraft:damage_resisted":156,"minecraft:sprint_one_cm":1241554,"minecraft:drop":402,"minecraft:play_time":553689,"minecraft:deaths":111,"minecraft:jump":5147,"minecraft:interact_with_brewingstand":1,"minecraft:walk_on_water_one_cm":61103,"minecraft:interact_with_furnace":8,"minecraft:sleep_in_bed":42,"minecraft:damage_dealt":989,"minecraft:player_kills":19,"minecraft:crouch_one_cm":73482,"minecraft:interact_with_smoker":6,"minecraft:mob_kills":141,"minecraft:damage_dealt_resisted":151,"minecraft:climb_one_cm":101830,"minecraft:walk_one_cm":960791,"minecraft:sneak_time":31276,"minecraft:walk_under_water_one_cm":31140,"minecraft:interact_with_blast_furnace":40,"minecraft:total_world_time":553689,"minecraft:tune_noteblock":15,"minecraft:time_since_rest":10861,"minecraft:damage_taken":25409,"minecraft:swim_one_cm":108941,"minecraft:fly_one_cm":835634,"minecraft:open_chest":348,"minecraft:fall_one_cm":211047},"minecraft:mined":{"minecraft:dark_oak_planks":1,"minecraft:white_bed":4,"minecraft:jungle_leaves":1,"minecraft:obsidian":1,"minecraft:granite":29,"minecraft:grass_block":1,"minecraft:cracked_polished_blackstone_bricks":4,"minecraft:coal_block":1,"minecraft:polished_diorite":4,"tacz:gun_smith_table":3,"minecraft:spawner":4,"minecraft:light_blue_stained_glass":2,"minecraft:smooth_stone":5,"minecraft:iron_ore":40,"minecraft:fire":1,"minecraft:enchanting_table":1,"minecraft:cave_vines":1,"minecraft:iron_bars":7,"minecraft:gray_terracotta":20,"minecraft:quartz_block":4,"minecraft:cyan_terracotta":70,"minecraft:blue_stained_glass":3,"minecraft:clay":2,"minecraft:torch":1,"minecraft:light_gray_terracotta":11,"minecraft:blast_furnace":1,"minecraft:chest":2,"minecraft:white_stained_glass_pane":4,"minecraft:glass":5,"minecraft:cobblestone":26,"last_of_us:noxioussack":7,"minecraft:oak_planks":3,"minecraft:bricks":2,"minecraft:wall_torch":3,"minecraft:birch_log":1,"minecraft:wheat":16,"minecraft:smooth_stone_slab":4,"minecraft:oak_log":19,"minecraft:beetroots":3,"minecraft:dirt":16,"minecraft:raw_copper_block":1,"minecraft:oak_leaves":11,"minecraft:deepslate":9,"minecraft:light_blue_stained_glass_pane":5,"minecraft:blue_stained_glass_pane":11,"minecraft:mossy_cobblestone":1,"minecraft:brick_stairs":13,"minecraft:white_stained_glass":4,"minecraft:spruce_leaves":1,"minecraft:carrots":7,"minecraft:green_terracotta":12,"minecraft:andesite":6,"minecraft:polished_deepslate":3,"minecraft:potatoes":3,"minecraft:rail":1,"minecraft:deepslate_iron_ore":2,"minecraft:vine":1,"minecraft:stone":287,"minecraft:glass_pane":7,"minecraft:stone_brick_slab":1,"minecraft:gray_stained_glass":12,"minecraft:copper_ore":132,"minecraft:lapis_ore":8,"minecraft:red_concrete":1,"minecraft:diorite":33,"minecraft:black_stained_glass":1,"minecraft:gray_bed":2,"minecraft:birch_leaves":2,"minecraft:coal_ore":8,"minecraft:dripstone_block":15,"minecraft:gravel":4,"minecraft:yellow_concrete":1,"minecraft:cobweb":223,"minecraft:cracked_stone_bricks":2,"minecraft:polished_blackstone":5,"minecraft:stone_bricks":18,"minecraft:mossy_stone_bricks":1},"minecraft:picked_up":{"minecraft:wooden_axe":1,"minecraft:iron_chestplate":4,"minecraft:birch_door":2,"spore:mutated_heart":22,"minecraft:wheat":71,"minecraft:chainmail_boots":6,"minecraft:lead":2,"minecraft:potion":7,"minecraft:enchanted_book":3,"minecraft:polished_deepslate":2,"minecraft:music_disc_cat":1,"spore:innards":4,"minecraft:string":401,"minecraft:raw_copper":483,"minecraft:smooth_stone_slab":8,"minecraft:iron_leggings":9,"spore:corrosive_sack":8,"minecraft:beetroot":3,"minecraft:cobbled_deepslate":2,"minecraft:smooth_stone":3,"minecraft:gold_nugget":3,"minecraft:bucket":3,"minecraft:spruce_planks":54,"minecraft:eye_armor_trim_smithing_template":1,"minecraft:redstone_torch":1,"minecraft:calcite":2,"minecraft:enchanted_golden_apple":6,"minecraft:iron_pickaxe":13,"spore:living_helmet":1,"minecraft:coal_block":14,"minecraft:iron_boots":12,"minecraft:stick":128,"spore:plated_muscle":3,"minecraft:torch":228,"tacz:attachment":3,"minecraft:diorite":39,"minecraft:green_terracotta":12,"minecraft:goat_horn":1,"minecraft:quartz_block":20,"minecraft:stone_sword":1,"minecraft:cactus":20,"minecraft:rotten_flesh":204,"minecraft:cyan_terracotta":73,"spore:sausage":3,"minecraft:obsidian":2,"minecraft:iron_bars":10,"minecraft:cobblestone":1980,"minecraft:birch_log":1,"minecraft:cooked_beef":1117,"minecraft:water_bucket":12,"minecraft:andesite":6,"minecraft:brown_wool":4,"minecraft:potato":40,"minecraft:flint":3,"spore:living_boots":15,"spore:living_pants":18,"minecraft:lapis_lazuli":100,"minecraft:dirt":41,"minecraft:name_tag":6,"tacz:ammo_box":2,"minecraft:bone":123,"spore:nerves":5,"minecraft:gray_terracotta":78,"minecraft:wheat_seeds":42,"minecraft:mossy_stone_bricks":1,"minecraft:glowstone_dust":2,"tacz:gun_smith_table":4,"minecraft:oak_planks":563,"firstaid:plaster":19,"securitycraft:mine":2,"spore:cerebrum":20,"spore:armor_fragment":118,"minecraft:polished_blackstone_slab":1,"minecraft:fermented_spider_eye":10,"last_of_us:noxioustree":74,"minecraft:mossy_cobblestone":2,"minecraft:barrel":3,"spore:claw_fragment":115,"minecraft:light_gray_terracotta":10,"minecraft:diamond":17,"minecraft:cracked_polished_blackstone_bricks":9,"minecraft:crossbow":3,"minecraft:granite":50,"minecraft:golden_apple":3,"minecraft:emerald":89,"minecraft:bread":220,"spore:spine_fragment":36,"minecraft:oak_sapling":1,"minecraft:bricks":4,"minecraft:charcoal":208,"minecraft:crafting_table":1,"minecraft:splash_potion":2,"minecraft:ladder":2,"minecraft:clay_ball":4,"minecraft:leather_leggings":1,"securitycraft:furnace_mine":2,"minecraft:shield":7,"minecraft:cornflower":2,"spore:saber":18,"minecraft:flint_and_steel":14,"tacz:ammo":6076,"minecraft:cracked_stone_bricks":7,"usefulbackpacks:backpack_small":11,"spore:combat_pickaxe":21,"minecraft:iron_nugget":12,"minecraft:chest":2,"minecraft:birch_sapling":1,"minecraft:raw_copper_block":1,"spore:tumor":10,"minecraft:raw_iron":42,"last_of_us:rags":36,"minecraft:oak_door":1,"minecraft:copper_ingot":217,"minecraft:polished_blackstone_bricks":1,"minecraft:carrot":40,"minecraft:redstone":3,"last_of_us:rock":14,"minecraft:iron_horse_armor":1,"minecraft:dark_oak_planks":1,"minecraft:tnt":2,"minecraft:cooked_cod":5,"minecraft:beetroot_seeds":7,"spore:greatsword":3,"minecraft:saddle":7,"minecraft:gold_ingot":19,"firstaid:bandage":198,"minecraft:polished_blackstone":39,"minecraft:brick_stairs":11,"spore:tendons":3,"minecraft:glow_berries":1,"minecraft:rail":3,"minecraft:skeleton_skull":1,"minecraft:white_wool":1,"spore:altered_spleen":1,"minecraft:leather":53,"minecraft:oak_log":464,"minecraft:chainmail_chestplate":14,"minecraft:gunpowder":159,"minecraft:apple":10,"minecraft:stone_bricks":22,"minecraft:kelp":5,"minecraft:iron_ingot":206,"minecraft:stone_pickaxe":4,"minecraft:cobweb":453,"spore:mutated_fiber":239,"minecraft:gray_bed":3,"minecraft:iron_sword":16,"minecraft:book":52,"minecraft:oak_slab":4,"minecraft:pink_bed":1,"spore:living_core":1,"minecraft:daylight_detector":3,"minecraft:stone_brick_slab":1,"minecraft:dripstone_block":10,"minecraft:gravel":23,"minecraft:blast_furnace":5,"minecraft:white_bed":11,"minecraft:spider_eye":4,"usefulbackpacks:backpack_large":7,"minecraft:leather_helmet":6,"minecraft:slime_ball":130,"minecraft:polished_diorite":13,"tacz:modern_kinetic_gun":54,"minecraft:chainmail_leggings":8,"minecraft:iron_helmet":28,"minecraft:melon_seeds":5,"minecraft:damaged_anvil":1,"minecraft:black_wool":2,"minecraft:red_concrete":3,"minecraft:coal":801,"last_of_us:noxioussack":22},"minecraft:dropped":{"minecraft:iron_sword":2,"minecraft:cooked_beef":4,"minecraft:oak_log":87,"last_of_us:noxioustree":7,"minecraft:leather":23,"minecraft:iron_horse_armor":1,"minecraft:cracked_stone_bricks":4,"minecraft:cyan_terracotta":4,"minecraft:cracked_polished_blackstone_bricks":3,"minecraft:dirt":1,"firstaid:bandage":18,"securitycraft:furnace_mine":1,"minecraft:gold_nugget":2,"minecraft:iron_pickaxe":2,"minecraft:fermented_spider_eye":3,"minecraft:white_wool":1,"spore:saber":1,"minecraft:bone":14,"minecraft:oak_door":1,"minecraft:gravel":15,"last_of_us:noxioussack":7,"minecraft:wheat":1,"minecraft:rotten_flesh":74,"minecraft:oak_planks":19,"spore:corrosive_sack":1,"minecraft:eye_armor_trim_smithing_template":2,"minecraft:gunpowder":1,"minecraft:quartz_block":20,"minecraft:melon_seeds":5,"last_of_us:rags":11,"minecraft:iron_bars":1,"spore:armor_fragment":18,"minecraft:enchanted_book":1,"minecraft:iron_ingot":5,"minecraft:bread":7,"minecraft:wheat_seeds":10,"minecraft:mossy_cobblestone":2,"minecraft:cobblestone":184,"minecraft:book":31,"minecraft:granite":4,"minecraft:coal":50,"minecraft:stick":5,"minecraft:cobweb":58,"last_of_us:rock":3,"tacz:ammo_box":2,"minecraft:diorite":4,"minecraft:wooden_axe":1,"tacz:modern_kinetic_gun":9,"minecraft:chainmail_leggings":1,"minecraft:string":14,"minecraft:bucket":1,"spore:claw_fragment":30,"minecraft:bricks":2,"minecraft:stone_sword":1,"minecraft:light_gray_terracotta":2,"spore:mutated_fiber":2,"minecraft:shield":1,"minecraft:spider_eye":2,"tacz:ammo":1003,"minecraft:stone_pickaxe":2,"minecraft:calcite":2},"minecraft:killed":{"last_of_us:bloater":3,"minecraft:cave_spider":2,"minecraft:spider":6,"last_of_us:clicker":20,"spore:delusioner":2,"spore:spitter":3,"spore:inf_player":3,"spore:inf_wanderer":1,"spore:volatile":1,"last_of_us:crawler":4,"minecraft:creeper":27,"last_of_us:stalker":10,"spore:umarmed":1,"spore:inf_villager":12,"minecraft:pillager":1,"spore:mound":3,"spore:inf_human":3,"last_of_us:runner":18,"spore:usurper":1,"spore:braurei":1,"last_of_us:shambler":2,"minecraft:bat":2,"spore:inf_pillager":9,"spore:inf_witch":1,"spore:inf_husk":4,"spore:slasher":1},"minecraft:broken":{"minecraft:wooden_sword":1,"spore:vigil_eye":1,"minecraft:iron_pickaxe":1},"minecraft:killed_by":{"spore:volatile":6,"spore:inf_human":1,"spore:inquisitor":2,"spore:inf_pillager":1,"spore:spitter":1,"last_of_us:runner":9,"spore:inf_player":4,"sanitydim:sneaking_terror":1,"spore:inf_husk":1,"spore:inf_villager":1,"last_of_us:stalker":1,"minecraft:player":17,"spore:busser":3,"spore:jagd":1,"last_of_us:clicker":7,"spore:inf_witch":1,"spore:stalker":1,"last_of_us:bloater":15},"minecraft:crafted":{"minecraft:oak_planks":188,"minecraft:smooth_stone":3,"usefulbackpacks:backpack_small":1,"minecraft:stone":3,"spore:fleshy_bone":2,"spore:fleshy_claw":4,"minecraft:chest":5,"spore:combat_pickaxe":1,"minecraft:crafting_table":2,"minecraft:copper_ingot":128,"minecraft:stick":92,"minecraft:iron_ingot":37,"minecraft:iron_pickaxe":4,"spore:plated_muscle":3,"spore:hardened_bind":1,"spore:sausage":4,"spore:claw":3,"minecraft:coal":18,"minecraft:spruce_button":1,"firstaid:plaster":12,"minecraft:stone_pickaxe":1,"spore:living_core":1,"minecraft:iron_sword":1,"minecraft:bread":5,"minecraft:air":0,"spore:saber":1,"minecraft:white_wool":56,"firstaid:bandage":2,"minecraft:white_bed":7,"minecraft:torch":216}},"DataVersion":3465}