{"stats":{"minecraft:used":{"minecraft:polished_blackstone":2,"minecraft:chest":4,"minecraft:iron_sword":91,"spore:combat_pickaxe":89,"minecraft:rotten_flesh":1,"last_of_us:noxioussack":2,"minecraft:polished_blackstone_slab":1,"minecraft:cyan_terracotta":65,"minecraft:iron_helmet":4,"minecraft:stone_bricks":1,"minecraft:potato":15,"minecraft:stone_pickaxe":110,"minecraft:oak_planks":45,"minecraft:golden_apple":4,"minecraft:light_gray_terracotta":1,"minecraft:bread":6,"spore:living_pants":1,"minecraft:coal_block":1,"minecraft:wooden_sword":19,"minecraft:chainmail_boots":1,"minecraft:cobweb":229,"minecraft:iron_bars":1,"minecraft:stone_sword":2,"minecraft:red_concrete":1,"tacz:gun_smith_table":3,"minecraft:torch":65,"minecraft:chainmail_chestplate":2,"minecraft:granite":3,"minecraft:polished_diorite":1,"minecraft:birch_door":2,"minecraft:stone_brick_slab":1,"spore:living_helmet":1,"minecraft:dark_oak_planks":1,"spore:sausage":1,"minecraft:iron_boots":1,"minecraft:light_gray_wool":3,"minecraft:cooked_beef":7,"minecraft:water_bucket":5,"spore:living_boots":3,"minecraft:crafting_table":2,"minecraft:white_bed":15,"securitycraft:furnace_mine":1,"minecraft:black_wool":1,"minecraft:apple":2,"spore:saber":112,"minecraft:iron_pickaxe":271,"minecraft:leather_helmet":1,"minecraft:cobblestone":59,"minecraft:bucket":6,"minecraft:splash_potion":1,"minecraft:chainmail_leggings":2},"minecraft:custom":{"minecraft:interact_with_crafting_table":37,"minecraft:open_barrel":77,"minecraft:leave_game":1,"minecraft:time_since_death":33212,"minecraft:sprint_one_cm":853567,"minecraft:drop":331,"minecraft:play_time":344996,"minecraft:deaths":89,"minecraft:jump":3098,"minecraft:interact_with_brewingstand":1,"minecraft:walk_on_water_one_cm":28912,"minecraft:interact_with_furnace":8,"minecraft:sleep_in_bed":31,"minecraft:damage_dealt":574,"minecraft:player_kills":16,"minecraft:crouch_one_cm":43287,"minecraft:interact_with_smoker":6,"minecraft:mob_kills":92,"minecraft:climb_one_cm":85749,"minecraft:walk_one_cm":622080,"minecraft:sneak_time":20959,"minecraft:walk_under_water_one_cm":22298,"minecraft:interact_with_blast_furnace":27,"minecraft:total_world_time":344996,"minecraft:tune_noteblock":15,"minecraft:time_since_rest":0,"minecraft:damage_taken":19901,"minecraft:swim_one_cm":86801,"minecraft:fly_one_cm":525518,"minecraft:open_chest":255,"minecraft:fall_one_cm":184319},"minecraft:mined":{"minecraft:dark_oak_planks":1,"minecraft:white_bed":4,"minecraft:jungle_leaves":1,"minecraft:obsidian":1,"minecraft:granite":23,"minecraft:grass_block":1,"minecraft:cracked_polished_blackstone_bricks":4,"minecraft:coal_block":1,"minecraft:polished_diorite":3,"tacz:gun_smith_table":3,"minecraft:spawner":4,"minecraft:light_blue_stained_glass":2,"minecraft:smooth_stone":1,"minecraft:iron_ore":33,"minecraft:enchanting_table":1,"minecraft:iron_bars":6,"minecraft:gray_terracotta":20,"minecraft:cyan_terracotta":67,"minecraft:torch":1,"minecraft:light_gray_terracotta":1,"minecraft:blast_furnace":1,"minecraft:chest":2,"minecraft:white_stained_glass_pane":4,"minecraft:glass":5,"last_of_us:noxioussack":6,"minecraft:cobblestone":23,"minecraft:oak_planks":3,"minecraft:bricks":2,"minecraft:birch_log":1,"minecraft:wheat":16,"minecraft:smooth_stone_slab":4,"minecraft:oak_log":18,"minecraft:beetroots":3,"minecraft:oak_leaves":10,"minecraft:light_blue_stained_glass_pane":5,"minecraft:blue_stained_glass_pane":7,"minecraft:brick_stairs":13,"minecraft:white_stained_glass":4,"minecraft:spruce_leaves":1,"minecraft:carrots":7,"minecraft:green_terracotta":12,"minecraft:andesite":5,"minecraft:polished_deepslate":1,"minecraft:potatoes":3,"minecraft:vine":1,"minecraft:stone":134,"minecraft:glass_pane":5,"minecraft:stone_brick_slab":1,"minecraft:gray_stained_glass":11,"minecraft:copper_ore":41,"minecraft:lapis_ore":3,"minecraft:red_concrete":1,"minecraft:diorite":22,"minecraft:black_stained_glass":1,"minecraft:coal_ore":1,"minecraft:gravel":3,"minecraft:yellow_concrete":1,"minecraft:cobweb":219,"minecraft:polished_blackstone":4,"minecraft:stone_bricks":6,"minecraft:mossy_stone_bricks":1},"minecraft:picked_up":{"minecraft:wooden_axe":1,"minecraft:iron_chestplate":2,"spore:mutated_heart":18,"minecraft:birch_door":2,"minecraft:wheat":67,"minecraft:chainmail_boots":5,"minecraft:lead":2,"minecraft:enchanted_book":3,"minecraft:string":380,"minecraft:raw_copper":176,"minecraft:smooth_stone_slab":8,"spore:corrosive_sack":3,"minecraft:beetroot":3,"minecraft:smooth_stone":1,"minecraft:gold_nugget":3,"minecraft:bucket":3,"minecraft:eye_armor_trim_smithing_template":1,"minecraft:redstone_torch":1,"minecraft:calcite":2,"spore:living_helmet":1,"minecraft:iron_pickaxe":9,"minecraft:coal_block":1,"minecraft:iron_boots":3,"minecraft:stick":126,"spore:plated_muscle":3,"minecraft:torch":52,"tacz:attachment":1,"minecraft:diorite":26,"minecraft:green_terracotta":12,"minecraft:quartz_block":16,"minecraft:stone_sword":1,"minecraft:cactus":20,"minecraft:rotten_flesh":187,"minecraft:cyan_terracotta":69,"spore:sausage":3,"minecraft:obsidian":1,"minecraft:iron_bars":9,"minecraft:cobblestone":1234,"minecraft:birch_log":1,"minecraft:cooked_beef":685,"minecraft:water_bucket":1,"minecraft:andesite":5,"minecraft:brown_wool":4,"minecraft:potato":34,"minecraft:flint":3,"spore:living_boots":15,"minecraft:lapis_lazuli":59,"spore:living_pants":13,"minecraft:dirt":22,"minecraft:name_tag":6,"minecraft:bone":59,"minecraft:gray_terracotta":78,"spore:nerves":5,"minecraft:wheat_seeds":42,"minecraft:mossy_stone_bricks":1,"minecraft:glowstone_dust":2,"tacz:gun_smith_table":4,"minecraft:oak_planks":498,"firstaid:plaster":19,"spore:cerebrum":18,"securitycraft:mine":2,"spore:armor_fragment":66,"minecraft:polished_blackstone_slab":1,"minecraft:fermented_spider_eye":7,"last_of_us:noxioustree":46,"minecraft:barrel":3,"spore:claw_fragment":69,"minecraft:light_gray_terracotta":1,"minecraft:diamond":9,"minecraft:cracked_polished_blackstone_bricks":9,"minecraft:crossbow":3,"minecraft:granite":46,"minecraft:golden_apple":3,"minecraft:bread":83,"minecraft:emerald":1,"spore:spine_fragment":34,"minecraft:oak_sapling":1,"minecraft:bricks":4,"minecraft:crafting_table":1,"minecraft:splash_potion":2,"minecraft:ladder":2,"minecraft:leather_leggings":1,"securitycraft:furnace_mine":2,"minecraft:shield":7,"minecraft:cornflower":2,"spore:saber":12,"tacz:ammo":2455,"minecraft:cracked_stone_bricks":6,"usefulbackpacks:backpack_small":9,"spore:combat_pickaxe":13,"minecraft:iron_nugget":12,"minecraft:chest":2,"spore:tumor":4,"minecraft:raw_iron":33,"last_of_us:rags":12,"minecraft:oak_door":1,"minecraft:copper_ingot":183,"minecraft:polished_blackstone_bricks":1,"minecraft:carrot":40,"minecraft:redstone":2,"last_of_us:rock":3,"minecraft:iron_horse_armor":1,"minecraft:dark_oak_planks":1,"minecraft:beetroot_seeds":7,"minecraft:polished_blackstone":39,"minecraft:saddle":2,"minecraft:gold_ingot":4,"firstaid:bandage":73,"minecraft:brick_stairs":11,"minecraft:glow_berries":1,"spore:altered_spleen":1,"minecraft:leather":53,"minecraft:oak_log":224,"minecraft:chainmail_chestplate":6,"minecraft:gunpowder":108,"minecraft:apple":3,"minecraft:stone_bricks":10,"minecraft:kelp":5,"minecraft:iron_ingot":101,"minecraft:stone_pickaxe":4,"minecraft:cobweb":224,"spore:mutated_fiber":199,"minecraft:iron_sword":3,"minecraft:book":42,"minecraft:oak_slab":4,"spore:living_core":1,"minecraft:daylight_detector":3,"minecraft:stone_brick_slab":1,"minecraft:gravel":20,"minecraft:blast_furnace":5,"minecraft:white_bed":11,"minecraft:spider_eye":2,"minecraft:leather_helmet":5,"minecraft:polished_diorite":11,"tacz:modern_kinetic_gun":32,"minecraft:chainmail_leggings":4,"minecraft:iron_helmet":18,"minecraft:black_wool":2,"minecraft:melon_seeds":5,"minecraft:red_concrete":3,"minecraft:coal":375,"last_of_us:noxioussack":20},"minecraft:dropped":{"minecraft:iron_sword":1,"minecraft:cooked_beef":4,"minecraft:oak_log":64,"last_of_us:noxioustree":2,"minecraft:leather":23,"minecraft:iron_horse_armor":1,"minecraft:cracked_stone_bricks":4,"minecraft:cyan_terracotta":4,"minecraft:cracked_polished_blackstone_bricks":3,"firstaid:bandage":16,"securitycraft:furnace_mine":1,"minecraft:gold_nugget":2,"minecraft:iron_pickaxe":2,"minecraft:fermented_spider_eye":2,"minecraft:bone":14,"minecraft:oak_door":1,"minecraft:gravel":12,"last_of_us:noxioussack":6,"minecraft:wheat":1,"minecraft:rotten_flesh":67,"minecraft:oak_planks":19,"spore:corrosive_sack":1,"minecraft:eye_armor_trim_smithing_template":2,"minecraft:gunpowder":1,"minecraft:melon_seeds":5,"minecraft:quartz_block":16,"last_of_us:rags":1,"minecraft:iron_bars":1,"spore:armor_fragment":18,"minecraft:enchanted_book":1,"minecraft:iron_ingot":5,"minecraft:bread":7,"minecraft:wheat_seeds":10,"minecraft:cobblestone":64,"minecraft:book":21,"minecraft:coal":12,"minecraft:stick":5,"minecraft:cobweb":58,"last_of_us:rock":1,"minecraft:diorite":4,"minecraft:wooden_axe":1,"tacz:modern_kinetic_gun":8,"minecraft:string":12,"spore:claw_fragment":22,"minecraft:bucket":1,"minecraft:bricks":2,"minecraft:stone_sword":1,"minecraft:shield":1,"minecraft:spider_eye":2,"tacz:ammo":163,"minecraft:stone_pickaxe":2,"minecraft:calcite":2},"minecraft:killed":{"last_of_us:bloater":2,"minecraft:spider":4,"last_of_us:clicker":10,"spore:spitter":2,"spore:inf_player":2,"spore:inf_wanderer":1,"last_of_us:crawler":2,"minecraft:creeper":19,"last_of_us:stalker":9,"spore:inf_villager":11,"spore:inf_human":3,"last_of_us:runner":9,"last_of_us:shambler":2,"minecraft:bat":2,"spore:inf_pillager":9,"spore:inf_witch":1,"spore:inf_husk":4},"minecraft:broken":{"minecraft:wooden_sword":1},"minecraft:killed_by":{"spore:inf_human":1,"spore:inquisitor":2,"spore:inf_pillager":1,"spore:spitter":1,"last_of_us:runner":9,"spore:inf_player":3,"sanitydim:sneaking_terror":1,"spore:inf_husk":1,"spore:inf_villager":1,"last_of_us:stalker":1,"minecraft:player":15,"spore:busser":3,"spore:jagd":1,"last_of_us:clicker":5,"spore:inf_witch":1,"spore:stalker":1,"last_of_us:bloater":10},"minecraft:crafted":{"minecraft:oak_planks":188,"minecraft:smooth_stone":3,"usefulbackpacks:backpack_small":1,"minecraft:stone":3,"spore:fleshy_bone":2,"spore:fleshy_claw":4,"minecraft:chest":4,"spore:combat_pickaxe":1,"minecraft:crafting_table":2,"minecraft:copper_ingot":59,"minecraft:stick":68,"minecraft:iron_ingot":25,"minecraft:iron_pickaxe":3,"spore:plated_muscle":3,"spore:hardened_bind":1,"spore:sausage":4,"spore:claw":3,"minecraft:coal":18,"firstaid:plaster":12,"minecraft:stone_pickaxe":1,"spore:living_core":1,"minecraft:iron_sword":1,"minecraft:bread":5,"minecraft:air":0,"spore:saber":1,"minecraft:white_wool":56,"firstaid:bandage":2,"minecraft:white_bed":7,"minecraft:torch":136}},"DataVersion":3465}