{"stats":{"minecraft:used":{"minecraft:stone_sword":2,"minecraft:stone_pickaxe":103,"minecraft:chest":2,"minecraft:crafting_table":1,"minecraft:white_bed":2,"minecraft:granite":3,"minecraft:dark_oak_planks":1,"minecraft:leather_helmet":1,"minecraft:wooden_sword":19,"minecraft:cobblestone":25,"minecraft:chainmail_leggings":1,"minecraft:cobweb":22},"minecraft:custom":{"minecraft:mob_kills":12,"minecraft:interact_with_crafting_table":4,"minecraft:open_barrel":31,"minecraft:time_since_death":169,"minecraft:sleep_in_bed":2,"minecraft:time_since_rest":201,"minecraft:sprint_one_cm":89084,"minecraft:damage_taken":3224,"minecraft:walk_one_cm":73399,"minecraft:drop":6,"minecraft:damage_dealt":277,"minecraft:swim_one_cm":5166,"minecraft:fly_one_cm":71112,"minecraft:open_chest":12,"minecraft:crouch_one_cm":6845,"minecraft:play_time":30456,"minecraft:deaths":17,"minecraft:sneak_time":2190,"minecraft:walk_under_water_one_cm":3092,"minecraft:jump":397,"minecraft:interact_with_blast_furnace":5,"minecraft:walk_on_water_one_cm":5105,"minecraft:interact_with_smoker":2,"minecraft:total_world_time":30456,"minecraft:fall_one_cm":9681},"minecraft:mined":{"minecraft:dark_oak_planks":1,"minecraft:white_bed":1,"minecraft:granite":11,"minecraft:blast_furnace":1,"minecraft:grass_block":1,"minecraft:brick_stairs":13,"minecraft:cobblestone":22,"last_of_us:noxioussack":1,"minecraft:oak_planks":1,"minecraft:bricks":2,"minecraft:carrots":7,"minecraft:birch_log":1,"minecraft:iron_ore":23,"minecraft:wheat":16,"minecraft:oak_log":13,"minecraft:potatoes":3,"minecraft:beetroots":3,"minecraft:iron_bars":2,"minecraft:cobweb":19,"minecraft:stone":23},"minecraft:picked_up":{"last_of_us:noxioussack":2,"minecraft:birch_log":1,"minecraft:iron_chestplate":1,"minecraft:wheat":10,"minecraft:leather_leggings":1,"minecraft:potato":12,"minecraft:oak_log":11,"minecraft:string":14,"minecraft:dirt":1,"minecraft:beetroot":3,"minecraft:wheat_seeds":32,"spore:mutated_fiber":4,"minecraft:oak_planks":1,"minecraft:stick":10,"minecraft:raw_iron":23,"minecraft:torch":1,"minecraft:blast_furnace":1,"minecraft:white_bed":1,"minecraft:carrot":28,"last_of_us:noxioustree":4,"minecraft:leather_helmet":1,"minecraft:dark_oak_planks":1,"minecraft:stone_sword":1,"minecraft:beetroot_seeds":7,"tacz:modern_kinetic_gun":3,"minecraft:chainmail_leggings":1,"minecraft:granite":19,"minecraft:brick_stairs":11,"minecraft:bricks":4,"minecraft:iron_bars":1,"minecraft:cobblestone":84},"minecraft:dropped":{"minecraft:bricks":2,"minecraft:stone_sword":1,"last_of_us:noxioustree":2,"tacz:modern_kinetic_gun":1},"minecraft:killed":{"spore:inf_player":1,"spore:inf_pillager":6,"spore:inf_villager":2,"spore:inf_human":1,"last_of_us:clicker":1,"spore:inf_husk":1},"minecraft:broken":{"minecraft:wooden_sword":1},"minecraft:killed_by":{"last_of_us:runner":1,"spore:inf_player":2,"spore:inf_husk":1,"minecraft:player":1,"last_of_us:clicker":2,"spore:busser":3,"spore:inf_villager":1,"spore:inf_human":1,"spore:inquisitor":2,"spore:inf_pillager":1,"last_of_us:stalker":1,"spore:jagd":1},"minecraft:crafted":{"minecraft:oak_planks":60,"minecraft:crafting_table":1,"minecraft:copper_ingot":57,"minecraft:air":0,"minecraft:white_wool":3,"minecraft:stick":12,"minecraft:iron_ingot":23,"minecraft:stone_pickaxe":1,"minecraft:chest":2,"minecraft:white_bed":1}},"DataVersion":3465}