{"stats":{"minecraft:used":{"minecraft:wheat_seeds":14,"horror_element_mod:broken_light":2,"minecraft:polished_deepslate":4,"minecraft:dispenser":1,"minecraft:oak_planks":3,"minecraft:black_carpet":1,"minecraft:wooden_pickaxe":21,"minecraft:iron_sword":22,"minecraft:rotten_flesh":3,"minecraft:gilded_blackstone":4,"last_of_us:noxioustree":1,"minecraft:dirt":1,"sanitydim:garland":1,"minecraft:crafting_table":1,"minecraft:red_bed":1,"minecraft:redstone_torch":4,"minecraft:dark_oak_planks":38,"minecraft:daylight_detector":3,"minecraft:bread":2,"minecraft:quartz_block":4,"horror_element_mod:villager_head":1,"minecraft:stone_bricks":2,"minecraft:soul_lantern":1,"minecraft:birch_trapdoor":1,"minecraft:mangrove_roots":1,"minecraft:deepslate_tile_stairs":2,"minecraft:stone_pressure_plate":2,"minecraft:observer":1},"minecraft:custom":{"minecraft:mob_kills":3,"minecraft:interact_with_crafting_table":3,"minecraft:open_barrel":18,"minecraft:leave_game":1,"minecraft:time_since_death":28922,"minecraft:sleep_in_bed":1,"minecraft:climb_one_cm":2838,"minecraft:time_since_rest":7970,"minecraft:sprint_one_cm":60282,"minecraft:damage_taken":40,"minecraft:walk_one_cm":122017,"minecraft:drop":12,"minecraft:damage_dealt":560,"minecraft:swim_one_cm":5547,"minecraft:fly_one_cm":80315,"minecraft:open_chest":7,"minecraft:crouch_one_cm":13787,"minecraft:play_time":28922,"minecraft:sneak_time":3800,"minecraft:walk_under_water_one_cm":504,"minecraft:jump":519,"minecraft:walk_on_water_one_cm":1445,"minecraft:total_world_time":29344,"minecraft:fall_one_cm":13423},"minecraft:picked_up":{"minecraft:crafting_table":1,"minecraft:black_carpet":1,"minecraft:leather":1,"minecraft:wooden_pickaxe":1,"minecraft:oak_log":13,"horror_element_mod:villager_head":1,"minecraft:gunpowder":1,"minecraft:dirt":1,"minecraft:polished_deepslate":3,"minecraft:red_bed":1,"minecraft:string":16,"minecraft:stone_bricks":2,"minecraft:wheat_seeds":1,"minecraft:redstone_torch":2,"spore:mutated_fiber":2,"minecraft:daylight_detector":3,"minecraft:birch_trapdoor":1,"minecraft:dandelion":8,"minecraft:porkchop":1,"minecraft:deepslate_tile_stairs":2,"minecraft:dark_oak_log":10,"last_of_us:noxioustree":3,"minecraft:stone_pressure_plate":2,"minecraft:dark_oak_planks":2,"minecraft:quartz_block":4,"minecraft:rotten_flesh":1,"minecraft:mangrove_roots":1,"minecraft:bread":4,"horror_element_mod:broken_light":2,"minecraft:mutton":1,"minecraft:white_wool":1,"minecraft:cobblestone":4},"minecraft:mined":{"minecraft:dark_oak_planks":2,"minecraft:stone_pressure_plate":2,"minecraft:quartz_block":4,"minecraft:red_bed":1,"minecraft:dark_oak_log":10,"minecraft:mangrove_roots":1,"minecraft:dandelion":8,"minecraft:crafting_table":1,"minecraft:glow_lichen":1,"horror_element_mod:light_on":2,"last_of_us:noxioustree":1,"minecraft:glass":2,"minecraft:cobblestone":4,"horror_element_mod:villager_head":1,"minecraft:birch_trapdoor":1,"minecraft:black_carpet":1,"minecraft:polished_deepslate":3,"minecraft:grass":3,"minecraft:oak_log":13,"minecraft:dirt_path":1,"minecraft:cobweb":13,"minecraft:stone_bricks":2,"minecraft:redstone_wall_torch":2,"minecraft:daylight_detector":3},"minecraft:dropped":{"minecraft:wheat_seeds":1,"last_of_us:noxioustree":1,"minecraft:azure_bluet":1,"minecraft:leather_helmet":3,"minecraft:chainmail_chestplate":1,"minecraft:leather_boots":2,"minecraft:leather_leggings":1,"minecraft:quartz":2},"minecraft:killed":{"minecraft:pig":1,"minecraft:creeper":1,"minecraft:horse":1},"minecraft:crafted":{"minecraft:oak_planks":32,"minecraft:crafting_table":1,"sanitydim:garland":1,"firstaid:plaster":1,"minecraft:white_wool":1,"minecraft:dark_oak_planks":40}},"DataVersion":3465}