{"stats":{"minecraft:used":{"spore:cdu":1,"minecraft:moss_block":2,"minecraft:moss_carpet":2,"minecraft:polished_deepslate":4,"minecraft:polished_blackstone":7,"minecraft:dispenser":1,"minecraft:ladder":1,"minecraft:black_carpet":1,"minecraft:chest":10,"minecraft:stone":19,"minecraft:iron_sword":208,"minecraft:rotten_flesh":4,"minecraft:iron_chestplate":3,"sanitydim:garland":4,"spore:howitzer_spawnegg":1,"last_of_us:noxioussack":1,"minecraft:snowball":2,"automobility:automobile_assembler":1,"minecraft:milk_bucket":1,"minecraft:polished_blackstone_slab":1,"automobility:steep_slope":2,"minecraft:cyan_terracotta":6,"automobility:dash_panel":16,"horror_element_mod:villager_head":1,"minecraft:quartz_block":6,"minecraft:iron_helmet":2,"minecraft:stone_bricks":52,"minecraft:birch_trapdoor":1,"minecraft:mangrove_roots":1,"minecraft:furnace":1,"minecraft:potato":5,"minecraft:diorite":7,"minecraft:mossy_stone_bricks":2,"minecraft:leather_leggings":2,"minecraft:oak_planks":28,"minecraft:stone_pickaxe":433,"minecraft:wooden_pickaxe":104,"minetraps:razor_wire":14,"last_of_us:noxioustree":1,"automobility:launch_gel":17,"minecraft:blast_furnace":4,"spore:tumor":5,"spore:container":1,"spore:greatsword":1,"minecraft:redstone_torch":4,"automobility:auto_mechanic_table":3,"minecraft:daylight_detector":3,"minecraft:bread":5,"spore:living_pants":3,"minecraft:gravel":2,"minecraft:soul_lantern":1,"minecraft:chainmail_boots":4,"minecraft:andesite":11,"minecraft:smooth_stone_slab":6,"minecraft:cobweb":64,"minecraft:experience_bottle":1,"minecraft:iron_bars":2,"minecraft:stone_sword":260,"spore:zoaholic":2,"tacz:gun_smith_table":8,"securitycraft:bucket_f_lava":3,"minecraft:torch":478,"spore:incubator":2,"minecraft:dirt":3,"spore:biomass":1,"minecraft:chainmail_chestplate":6,"minecraft:granite":20,"minecraft:dark_oak_planks":40,"spore:living_helmet":1,"minecraft:stone_brick_slab":1,"minecraft:wooden_axe":30,"spore:inf_player_spawnegg":2,"minecraft:iron_boots":1,"minecraft:barrel":4,"spore:verva_spawnegg":1,"minecraft:iron_trapdoor":1,"spore:lacerator_spawnegg":1,"spore:plagued_spawnegg":1,"minecraft:deepslate_tile_stairs":2,"ags_day_counter:calendar":6,"minecraft:cooked_beef":7,"minecraft:stone_pressure_plate":2,"minecraft:enchanted_golden_apple":1,"minecraft:observer":1,"minecraft:calcite":6,"minecraft:wheat_seeds":23,"minecraft:amethyst_block":2,"horror_element_mod:broken_light":2,"minecraft:snow_block":57,"minecraft:leather_boots":1,"minecraft:cracked_stone_bricks":2,"minecraft:polished_blackstone_bricks":1,"minecraft:gilded_blackstone":4,"spore:living_boots":5,"securitycraft:cobblestone_mine":2,"automobility:slope":9,"minecraft:rail":4,"minecraft:crafting_table":4,"minecraft:red_bed":1,"minecraft:white_bed":5,"minecraft:smoker":1,"minecraft:gray_terracotta":7,"minecraft:apple":1,"minecraft:cracked_polished_blackstone_bricks":1,"minecraft:oak_button":2,"minecraft:iron_pickaxe":385,"minecraft:leather_helmet":2,"minecraft:pink_bed":2,"minecraft:cobblestone":408,"minecraft:potion":1,"minecraft:cooked_porkchop":1,"minecraft:bucket":192,"minecraft:splash_potion":113,"minecraft:chainmail_leggings":1},"minecraft:custom":{"minecraft:interact_with_crafting_table":42,"minecraft:open_barrel":204,"minecraft:leave_game":15,"minecraft:time_since_death":31771,"minecraft:sprint_one_cm":1086367,"minecraft:drop":256,"minecraft:play_time":767942,"minecraft:deaths":64,"minecraft:jump":8465,"minecraft:walk_on_water_one_cm":115405,"minecraft:interact_with_furnace":32,"minecraft:sleep_in_bed":22,"minecraft:open_enderchest":10,"minecraft:damage_dealt":17335,"minecraft:player_kills":26,"minecraft:crouch_one_cm":243456,"minecraft:interact_with_smoker":8,"minecraft:mob_kills":445,"minecraft:damage_dealt_resisted":1316,"minecraft:climb_one_cm":84865,"minecraft:walk_one_cm":1781461,"minecraft:sneak_time":88178,"minecraft:walk_under_water_one_cm":102514,"minecraft:interact_with_blast_furnace":165,"minecraft:total_world_time":768364,"minecraft:time_since_rest":31972,"minecraft:damage_taken":12948,"minecraft:swim_one_cm":91985,"minecraft:fly_one_cm":3357999,"minecraft:open_chest":412,"minecraft:fall_one_cm":145624},"minecraft:mined":{"minecraft:large_amethyst_bud":7,"minecraft:stone_pressure_plate":2,"minecraft:white_bed":5,"minecraft:jungle_leaves":1,"minecraft:granite":24,"minecraft:cracked_polished_blackstone_bricks":3,"tacz:gun_smith_table":3,"automobility:auto_mechanic_table":1,"minecraft:polished_blackstone_bricks":2,"horror_element_mod:villager_head":1,"automobility:automobile_assembler":1,"minecraft:iron_ore":131,"minecraft:black_carpet":1,"minecraft:pointed_dripstone":4,"minecraft:dirt_path":1,"minecraft:iron_bars":5,"minecraft:tripwire":2,"minecraft:gray_terracotta":17,"minecraft:quartz_block":4,"minecraft:cyan_terracotta":7,"minecraft:red_bed":1,"minecraft:medium_amethyst_bud":2,"minecraft:amethyst_cluster":2,"minecraft:powder_snow":8,"minecraft:torch":1,"minecraft:calcite":4,"minecraft:white_stained_glass_pane":2,"last_of_us:noxioustree":1,"minecraft:glass":18,"last_of_us:noxioussack":37,"minecraft:cobblestone":38,"minecraft:oak_planks":8,"minecraft:wall_torch":1,"minecraft:deepslate_copper_ore":1,"minecraft:wheat":5,"minecraft:birch_trapdoor":1,"minecraft:smooth_stone_slab":1,"minecraft:grass":15,"minecraft:oak_log":46,"minecraft:dirt":3,"minecraft:oak_leaves":18,"minecraft:daylight_detector":6,"minecraft:light_blue_stained_glass_pane":2,"minecraft:blue_stained_glass_pane":7,"minecraft:dark_oak_log":10,"minecraft:mangrove_roots":1,"minecraft:gray_stained_glass_pane":3,"minecraft:glow_lichen":1,"minecraft:ladder":1,"horror_element_mod:light_on":2,"minecraft:white_stained_glass":3,"minecraft:redstone_wire":1,"minecraft:spruce_leaves":9,"minecraft:waxed_oxidized_cut_copper":1,"minecraft:furnace":1,"minecraft:andesite":10,"minecraft:diamond_block":1,"minecraft:polished_deepslate":3,"minecraft:deepslate_iron_ore":3,"minecraft:vine":3,"minecraft:stone":409,"minecraft:redstone_wall_torch":2,"minecraft:glass_pane":2,"minecraft:stone_brick_slab":1,"minecraft:dandelion":8,"minecraft:crafting_table":2,"minecraft:gray_stained_glass":15,"minecraft:copper_ore":84,"minecraft:tall_grass":2,"minecraft:lapis_ore":13,"minecraft:red_concrete":1,"minecraft:diorite":16,"minecraft:polished_blackstone_slab":3,"minecraft:redstone_torch":1,"minecraft:gray_bed":1,"minecraft:spruce_log":7,"minecraft:mangrove_leaves":1,"minecraft:coal_ore":42,"minecraft:gravel":7,"minecraft:dripstone_block":3,"minecraft:cobweb":76,"minecraft:cracked_stone_bricks":2,"minecraft:polished_blackstone":6,"minecraft:stone_bricks":36,"minecraft:mossy_stone_bricks":2,"minecraft:gold_ore":2,"minecraft:iron_trapdoor":1,"minecraft:dark_oak_planks":4},"minecraft:picked_up":{"minecraft:wooden_axe":7,"last_of_us:noxioussack":49,"minecraft:iron_chestplate":19,"spore:mutated_heart":11,"minecraft:wheat":49,"minecraft:black_carpet":1,"minecraft:chainmail_boots":17,"minecraft:iron_trapdoor":1,"minecraft:anvil":2,"minecraft:potion":5,"minecraft:enchanted_book":4,"minecraft:nether_brick":6,"minecraft:brewing_stand":2,"minecraft:amethyst_block":2,"minecraft:polished_deepslate":3,"minecraft:music_disc_cat":7,"spore:innards":2,"minecraft:string":155,"minecraft:raw_copper":811,"minecraft:smooth_stone_slab":14,"minecraft:iron_leggings":4,"spore:corrosive_sack":6,"minecraft:oak_sign":35,"minecraft:cobbled_deepslate":31,"minecraft:bucket":8,"minecraft:spruce_planks":346,"minecraft:eye_armor_trim_smithing_template":2,"minecraft:redstone_torch":6,"spore:gastric_reagent":1,"minecraft:calcite":22,"minecraft:iron_pickaxe":32,"minecraft:enchanted_golden_apple":9,"minecraft:iron_boots":14,"minecraft:furnace":6,"minecraft:stick":32,"spore:vigil_eye":1,"spore:plated_muscle":3,"minecraft:birch_trapdoor":1,"minecraft:torch":269,"minecraft:porkchop":1,"tacz:attachment":6,"minecraft:pointed_dripstone":5,"spore:biomass":11,"minecraft:diorite":43,"minecraft:deepslate_tile_stairs":2,"minecraft:goat_horn":1,"minecraft:quartz_block":8,"minecraft:stone_sword":1,"minecraft:rotten_flesh":435,"minecraft:cyan_terracotta":15,"minecraft:mangrove_roots":1,"minecraft:obsidian":2,"minecraft:iron_bars":5,"minecraft:cobblestone":3311,"minecraft:feather":8,"minecraft:cooked_beef":255,"minecraft:water_bucket":7,"minecraft:andesite":11,"minecraft:smoker":5,"minecraft:potato":16,"minecraft:flint":467,"spore:living_boots":5,"horror_element_mod:villager_head":1,"spore:living_pants":6,"minecraft:lapis_lazuli":298,"minecraft:dirt":36,"minecraft:name_tag":10,"tacz:ammo_box":17,"minecraft:leather_boots":2,"minecraft:bone":60,"spore:nerves":5,"minecraft:gray_terracotta":58,"minecraft:wheat_seeds":46,"minecraft:raw_gold":17,"minecraft:mossy_stone_bricks":7,"minecraft:glowstone_dust":2,"tacz:gun_smith_table":4,"minecraft:moss_block":13,"minecraft:oak_planks":1046,"spore:cerebrum":12,"minecraft:music_disc_13":2,"spore:armor_fragment":162,"automobility:rear_attachment":2,"minecraft:polished_blackstone_slab":1,"minecraft:fermented_spider_eye":33,"minecraft:diamond_block":2,"minecraft:dark_oak_log":38,"last_of_us:noxioustree":166,"minecraft:barrel":13,"spore:claw_fragment":63,"minecraft:diamond":66,"minecraft:cracked_polished_blackstone_bricks":7,"minecraft:granite":57,"minecraft:golden_apple":2,"minecraft:emerald":90,"minecraft:bread":348,"spore:spine_fragment":19,"minecraft:oak_sapling":1,"minecraft:crafting_table":8,"minecraft:splash_potion":2,"minecraft:chicken":4,"minecraft:ladder":2,"minecraft:leather_leggings":8,"minecraft:wooden_pickaxe":11,"minecraft:diamond_horse_armor":1,"spore:sickle_fragment":5,"minecraft:shield":5,"minecraft:cornflower":3,"spore:saber":2,"minecraft:red_bed":1,"minecraft:moss_carpet":5,"minecraft:iron_axe":4,"tacz:ammo":3659,"minecraft:cracked_stone_bricks":4,"usefulbackpacks:backpack_small":12,"minecraft:music_disc_otherside":2,"spore:combat_pickaxe":2,"minecraft:iron_nugget":18,"minecraft:poppy":10,"spore:tumor":8,"minecraft:raw_iron":217,"last_of_us:rags":37,"minecraft:oak_door":3,"spore:wing_membrane":1,"minecraft:copper_ingot":672,"automobility:automobile_assembler":3,"minecraft:polished_blackstone_bricks":3,"minecraft:carrot":4,"minecraft:redstone":480,"last_of_us:rock":32,"minecraft:stone_pressure_plate":2,"minecraft:dark_oak_planks":4,"spore:zoaholic":1,"minecraft:saddle":4,"minecraft:gold_ingot":18,"spore:greatsword":3,"firstaid:bandage":128,"minecraft:polished_blackstone":10,"minecraft:brick_stairs":93,"spore:tendons":16,"minecraft:mutton":3,"minecraft:rail":12,"minecraft:white_wool":21,"securitycraft:admin_tool":2,"spore:altered_spleen":2,"minecraft:leather":27,"minecraft:oak_log":152,"minecraft:chainmail_chestplate":13,"minecraft:gunpowder":820,"sanitydim:garland":3,"minecraft:paper":4,"minecraft:apple":3,"minecraft:stone_bricks":47,"automobility:auto_mechanic_table":3,"minecraft:iron_ingot":331,"minecraft:stone_pickaxe":12,"minecraft:cobweb":538,"spore:mutated_fiber":406,"minecraft:glass_bottle":3,"minecraft:gray_bed":5,"minecraft:iron_sword":16,"minecraft:book":174,"minecraft:oak_slab":4,"minecraft:pink_bed":1,"minecraft:smooth_basalt":33,"spore:living_core":1,"minecraft:daylight_detector":8,"minecraft:stone_brick_slab":1,"minecraft:dandelion":9,"minecraft:dripstone_block":18,"minecraft:gravel":19,"minecraft:amethyst_shard":50,"minecraft:blast_furnace":4,"minecraft:white_bed":4,"minecraft:spruce_log":7,"minecraft:spruce_door":1,"minecraft:spider_eye":2,"usefulbackpacks:backpack_large":3,"minecraft:leather_helmet":11,"minecraft:slime_ball":52,"minecraft:polished_diorite":2,"minecraft:stone_axe":3,"tacz:modern_kinetic_gun":69,"minecraft:chainmail_leggings":16,"minecraft:iron_helmet":7,"horror_element_mod:broken_light":2,"minecraft:damaged_anvil":2,"minecraft:melon_seeds":15,"minecraft:coal":403,"spore:incubator":1},"minecraft:dropped":{"minecraft:daylight_detector":2,"minecraft:iron_sword":1,"minecraft:lapis_lazuli":103,"minecraft:cooked_beef":216,"minecraft:oak_log":64,"minecraft:glass_bottle":4,"minecraft:diamond":4,"spore:combat_pickaxe":3,"last_of_us:noxioustree":45,"minecraft:leather":53,"minecraft:rail":2,"minecraft:leather_helmet":3,"minecraft:emerald":52,"minecraft:music_disc_13":1,"minecraft:cracked_polished_blackstone_bricks":1,"firstaid:bandage":62,"minecraft:dark_oak_log":14,"minecraft:cornflower":1,"usefulbackpacks:backpack_small":1,"minecraft:polished_blackstone_bricks":1,"minecraft:iron_pickaxe":3,"minecraft:fermented_spider_eye":1,"minecraft:gold_ingot":14,"spore:saber":2,"minecraft:bone":17,"minecraft:gravel":5,"usefulbackpacks:backpack_large":1,"last_of_us:noxioussack":17,"minecraft:stone_axe":2,"minecraft:goat_horn":1,"minecraft:cobbled_deepslate":30,"minecraft:music_disc_otherside":1,"minecraft:wheat":1,"spore:corrupted_record":1,"minecraft:pointed_dripstone":5,"minecraft:rotten_flesh":2,"minecraft:oak_planks":142,"minecraft:enchanted_golden_apple":8,"minecraft:azure_bluet":1,"minecraft:white_bed":1,"minecraft:eye_armor_trim_smithing_template":1,"minecraft:chainmail_chestplate":2,"minecraft:gunpowder":213,"minecraft:leather_boots":2,"last_of_us:rags":5,"minecraft:chainmail_boots":1,"minecraft:leather_leggings":1,"minecraft:iron_bars":1,"minecraft:quartz":2,"spore:armor_fragment":28,"tacz:attachment":2,"minecraft:iron_ingot":6,"minecraft:bread":37,"minecraft:wheat_seeds":1,"minecraft:iron_helmet":1,"minecraft:cobblestone":303,"minecraft:book":63,"minecraft:granite":2,"minecraft:copper_ingot":30,"minecraft:spruce_door":1,"minecraft:coal":79,"minecraft:cobweb":64,"minecraft:diamond_horse_armor":1,"spore:living_boots":1,"tacz:ammo_box":3,"minecraft:diorite":4,"spore:tumor":64,"minecraft:iron_leggings":3,"tacz:modern_kinetic_gun":19,"minecraft:iron_axe":1,"minecraft:cactus":10,"minecraft:paper":2,"minecraft:string":12,"minecraft:bucket":4,"minecraft:music_disc_cat":1,"minecraft:dandelion":1,"minecraft:redstone":1,"minecraft:polished_diorite":3,"minecraft:anvil":2,"minecraft:moss_carpet":1,"minecraft:raw_copper":61,"spore:living_helmet":1,"minecraft:iron_boots":4,"minecraft:smoker":2,"spore:gas_mask":1,"spore:greatsword":2,"minecraft:name_tag":1,"spore:mutated_fiber":1,"minecraft:filled_map":1,"minecraft:gray_terracotta":2,"minecraft:shield":5,"minecraft:iron_chestplate":2,"minecraft:andesite":1,"minecraft:spider_eye":2,"minecraft:stone_bricks":3,"tacz:ammo":757,"minecraft:stone_pickaxe":3,"minecraft:raw_gold":13},"minecraft:killed":{"last_of_us:bloater":39,"minecraft:witch":1,"minecraft:spider":5,"sanitydim:sneaking_terror":2,"last_of_us:clicker":71,"minecraft:axolotl":1,"spore:plagued":1,"spore:delusioner":10,"spore:spitter":1,"spore:vigil":1,"minecraft:pig":1,"spore:inf_player":18,"spore:inf_wanderer":2,"spore:inf_evoker":2,"spore:volatile":1,"spore:scamper":1,"last_of_us:crawler":25,"minecraft:creeper":18,"last_of_us:stalker":24,"spore:umarmed":5,"spore:inf_villager":15,"minecraft:trader_llama":2,"spore:mound":9,"spore:inf_human":16,"spore:lacerator":1,"spore:howler":1,"spore:knight":3,"spore:thorn":2,"last_of_us:runner":85,"sanitydim:rotting_stalker":1,"spore:inquisitor":1,"minecraft:horse":1,"spore:griefer":1,"spore:verva":8,"spore:jagd":2,"spore:usurper":5,"spore:braurei":1,"last_of_us:rat_king":1,"last_of_us:shambler":23,"minecraft:bat":4,"spore:brute":1,"spore:inf_pillager":17,"spore:inf_witch":2,"spore:claw":2,"spore:busser":1,"spore:inf_husk":6,"spore:slasher":1,"minecraft:enderman":2},"minecraft:broken":{"sanitydim:garland":1,"minecraft:stone_pickaxe":3,"minecraft:wooden_axe":1,"spore:vigil_eye":1,"last_of_us:rock":8,"minecraft:leather_helmet":1,"minecraft:stone_sword":1,"minecraft:wooden_pickaxe":2,"minecraft:iron_pickaxe":1},"minecraft:killed_by":{"spore:volatile":1,"last_of_us:runner":2,"spore:inf_villager":1,"minecraft:witch":1,"last_of_us:stalker":1,"minecraft:player":9,"minecraft:enderman":1,"last_of_us:clicker":10,"last_of_us:bloater":12},"minecraft:crafted":{"minecraft:oak_planks":128,"minecraft:barrel":1,"automobility:auto_mechanic_table":1,"spore:living_boots":3,"minecraft:raw_copper":9,"minecraft:chest":1,"minecraft:oak_button":2,"minecraft:oak_slab":6,"minecraft:cooked_porkchop":1,"minecraft:crafting_table":2,"minecraft:spruce_planks":28,"minecraft:copper_ingot":778,"minecraft:stick":76,"minecraft:iron_ingot":167,"minecraft:iron_pickaxe":1,"spore:plated_muscle":13,"minecraft:stone_sword":1,"spore:living_helmet":1,"minecraft:iron_nugget":9,"minecraft:furnace":3,"sanitydim:garland":2,"firstaid:plaster":3,"automobility:automobile_assembler":1,"minecraft:stone_pickaxe":3,"minecraft:dark_oak_planks":40,"spore:living_core":1,"minecraft:iron_sword":1,"securitycraft:cobblestone_mine":2,"minecraft:air":0,"spore:living_pants":1,"minecraft:white_wool":11,"firstaid:bandage":1,"spore:nerves":8,"minecraft:torch":260}},"DataVersion":3465}