{"stats":{"minecraft:dropped":{"last_of_us:noxioustree":2,"minecraft:leather_helmet":1,"minecraft:chainmail_chestplate":1,"minecraft:music_disc_13":1,"minecraft:diamond_sword":2,"minecraft:oak_sapling":2,"minecraft:acacia_planks":64},"minecraft:killed":{"last_of_us:bloater":1,"last_of_us:runner":4,"minecraft:spider":1,"minecraft:horse":2,"minecraft:chicken":2,"last_of_us:clicker":2},"minecraft:custom":{"minecraft:interact_with_furnace":1,"minecraft:mob_kills":12,"minecraft:interact_with_crafting_table":9,"minecraft:open_barrel":13,"minecraft:leave_game":1,"minecraft:time_since_death":33019,"minecraft:sleep_in_bed":1,"minecraft:climb_one_cm":35984,"minecraft:time_since_rest":21764,"minecraft:sprint_one_cm":95617,"minecraft:walk_one_cm":145942,"minecraft:damage_taken":515,"minecraft:drop":10,"minecraft:damage_dealt":4016,"minecraft:swim_one_cm":1930,"minecraft:fly_one_cm":342494,"minecraft:open_chest":41,"minecraft:crouch_one_cm":26364,"minecraft:play_time":62621,"minecraft:deaths":3,"minecraft:sneak_time":11024,"minecraft:walk_under_water_one_cm":2457,"minecraft:jump":785,"minecraft:walk_on_water_one_cm":12758,"minecraft:total_world_time":63176,"minecraft:fall_one_cm":12146},"minecraft:broken":{"minecraft:stone_pickaxe":1,"minecraft:wooden_pickaxe":1},"minecraft:mined":{"minecraft:gray_terracotta":22,"minecraft:glass_pane":10,"minecraft:red_bed":2,"minecraft:cyan_terracotta":9,"minecraft:smoker":1,"minecraft:crafting_table":2,"minecraft:gray_stained_glass_pane":2,"minecraft:granite":3,"minecraft:acacia_log":9,"minecraft:grass_block":2,"minecraft:white_stained_glass":5,"minecraft:copper_ore":21,"minecraft:glass":4,"minecraft:cobblestone":6,"minecraft:tall_grass":3,"minecraft:light_blue_stained_glass":5,"minecraft:furnace":6,"minecraft:iron_ore":7,"minecraft:anvil":1,"minecraft:grass":9,"minecraft:coal_ore":12,"minecraft:oak_log":4,"minecraft:iron_bars":1,"minecraft:dirt":2,"minecraft:cracked_stone_bricks":1,"minecraft:stone_bricks":2,"minecraft:stone":116,"minecraft:oak_leaves":3},"minecraft:killed_by":{"minecraft:player":1,"last_of_us:clicker":1},"minecraft:used":{"minecraft:iron_bars":1,"minecraft:stone_pickaxe":229,"minecraft:oak_planks":2,"minecraft:wooden_pickaxe":54,"minecraft:cracked_stone_bricks":1,"minecraft:torch":21,"minecraft:sand":1,"minecraft:anvil":1,"minecraft:crafting_table":3,"minecraft:red_bed":3,"minecraft:granite":1,"minecraft:smoker":1,"minecraft:gray_terracotta":20,"minecraft:apple":1,"minecraft:cyan_terracotta":31,"minecraft:bread":2,"minecraft:stone_bricks":2,"minecraft:diamond_sword":31,"minetraps:nail_trap":8,"minecraft:cobblestone":32,"minecraft:furnace":1,"minecraft:bucket":1,"minecraft:egg":1},"minecraft:crafted":{"minecraft:oak_planks":16,"minetraps:nails":18,"minetraps:nail_trap":2,"minecraft:crafting_table":2,"minecraft:wooden_pickaxe":1,"minecraft:stick":8,"minecraft:stone_pickaxe":2,"minecraft:acacia_planks":36,"minecraft:dark_oak_planks":36,"minecraft:torch":20},"minecraft:picked_up":{"last_of_us:noxioussack":1,"minecraft:crafting_table":5,"minecraft:wheat":8,"minecraft:feather":18,"minecraft:chicken":8,"minecraft:anvil":2,"minecraft:leather":4,"minecraft:diamond_sword":2,"minecraft:smoker":1,"minecraft:diamond_horse_armor":1,"minecraft:oak_log":4,"minecraft:gunpowder":51,"minecraft:music_disc_cat":1,"minecraft:dirt":12,"minecraft:string":20,"minecraft:red_bed":2,"minecraft:raw_copper":67,"minecraft:name_tag":4,"minecraft:bone":33,"minecraft:acacia_planks":48,"minecraft:stone_bricks":2,"minecraft:cracked_stone_bricks":1,"minecraft:gray_terracotta":20,"minecraft:iron_ingot":4,"minecraft:stone_pickaxe":3,"minecraft:cobweb":26,"minecraft:iron_sword":1,"minecraft:oak_planks":15,"minecraft:acacia_sapling":4,"minecraft:egg":7,"minecraft:furnace":12,"minecraft:raw_iron":7,"minecraft:stick":21,"last_of_us:rags":3,"minecraft:music_disc_13":1,"minecraft:torch":7,"minecraft:acacia_log":13,"minecraft:redstone":4,"last_of_us:rock":1,"last_of_us:noxioustree":2,"minecraft:rotten_flesh":29,"minecraft:granite":4,"minecraft:cyan_terracotta":10,"minecraft:bread":4,"minecraft:saddle":4,"minecraft:gold_ingot":12,"minecraft:emerald":2,"minecraft:oak_sapling":23,"minecraft:iron_bars":1,"minecraft:coal":27,"minecraft:cobblestone":203}},"DataVersion":3465}