{"stats":{"minecraft:used":{"minecraft:stone_sword":260,"minecraft:polished_deepslate":4,"minecraft:dispenser":1,"minecraft:polished_blackstone":6,"minecraft:black_carpet":1,"minecraft:chest":7,"minecraft:iron_sword":208,"minecraft:rotten_flesh":3,"minecraft:torch":166,"minecraft:dirt":3,"sanitydim:garland":3,"minecraft:chainmail_chestplate":4,"minecraft:granite":20,"spore:living_helmet":1,"minecraft:polished_blackstone_slab":1,"minecraft:dark_oak_planks":40,"minecraft:wooden_axe":30,"horror_element_mod:villager_head":1,"minecraft:quartz_block":4,"minecraft:iron_boots":1,"minecraft:barrel":1,"minecraft:stone_bricks":2,"minecraft:birch_trapdoor":1,"minecraft:mangrove_roots":1,"minecraft:deepslate_tile_stairs":2,"minecraft:stone_pressure_plate":2,"minecraft:potato":5,"minecraft:observer":1,"minecraft:calcite":6,"minecraft:wheat_seeds":23,"minecraft:diorite":4,"minecraft:leather_leggings":1,"horror_element_mod:broken_light":2,"minecraft:stone_pickaxe":269,"minecraft:oak_planks":27,"minecraft:wooden_pickaxe":97,"minecraft:leather_boots":1,"minecraft:polished_blackstone_bricks":1,"minecraft:gilded_blackstone":4,"spore:living_boots":3,"last_of_us:noxioustree":1,"minecraft:crafting_table":4,"minecraft:red_bed":1,"spore:tumor":3,"minecraft:smoker":1,"minecraft:redstone_torch":4,"minecraft:gray_terracotta":5,"minecraft:daylight_detector":3,"minecraft:cracked_polished_blackstone_bricks":1,"minecraft:bread":4,"minecraft:leather_helmet":1,"spore:living_pants":2,"minecraft:soul_lantern":1,"minecraft:cobblestone":91,"minecraft:chainmail_boots":1,"minecraft:cooked_porkchop":1,"minecraft:andesite":11,"minecraft:smooth_stone_slab":6,"minecraft:cobweb":64,"minecraft:chainmail_leggings":1},"minecraft:custom":{"minecraft:mob_kills":146,"minecraft:interact_with_crafting_table":23,"minecraft:open_barrel":67,"minecraft:damage_dealt_resisted":80,"minecraft:leave_game":1,"minecraft:time_since_death":2427,"minecraft:climb_one_cm":9392,"minecraft:sprint_one_cm":348444,"minecraft:walk_one_cm":472513,"minecraft:drop":62,"minecraft:play_time":166922,"minecraft:deaths":24,"minecraft:sneak_time":27948,"minecraft:walk_under_water_one_cm":33723,"minecraft:jump":2220,"minecraft:interact_with_blast_furnace":17,"minecraft:walk_on_water_one_cm":32178,"minecraft:total_world_time":167344,"minecraft:interact_with_furnace":1,"minecraft:sleep_in_bed":6,"minecraft:time_since_rest":2452,"minecraft:damage_taken":4864,"minecraft:damage_dealt":16123,"minecraft:swim_one_cm":62333,"minecraft:fly_one_cm":388169,"minecraft:player_kills":2,"minecraft:open_chest":59,"minecraft:crouch_one_cm":78519,"minecraft:interact_with_smoker":7,"minecraft:fall_one_cm":49340},"minecraft:picked_up":{"last_of_us:noxioussack":33,"spore:mutated_heart":5,"minecraft:crafting_table":4,"minecraft:iron_chestplate":9,"minecraft:black_carpet":1,"minecraft:wheat":23,"minecraft:ladder":1,"minecraft:splash_potion":2,"minecraft:chainmail_boots":4,"minecraft:chicken":4,"minecraft:leather_leggings":6,"minecraft:wooden_pickaxe":9,"minecraft:enchanted_book":2,"minecraft:nether_brick":6,"minecraft:raw_copper":74,"minecraft:polished_deepslate":3,"minecraft:cornflower":2,"minecraft:music_disc_cat":4,"minecraft:string":120,"minecraft:red_bed":1,"minecraft:smooth_stone_slab":6,"tacz:ammo":73,"minecraft:oak_sign":35,"minecraft:redstone_torch":6,"minecraft:calcite":22,"minecraft:poppy":10,"minecraft:iron_pickaxe":2,"minecraft:furnace":2,"minecraft:iron_boots":3,"spore:tumor":3,"minecraft:stick":12,"minecraft:raw_iron":30,"last_of_us:rags":6,"spore:plated_muscle":3,"minecraft:oak_door":3,"minecraft:birch_trapdoor":1,"minecraft:copper_ingot":19,"minecraft:torch":14,"minecraft:porkchop":1,"minecraft:polished_blackstone_bricks":1,"minecraft:diorite":17,"minecraft:carrot":4,"minecraft:redstone":199,"minecraft:deepslate_tile_stairs":2,"last_of_us:rock":10,"minecraft:stone_pressure_plate":2,"minecraft:dark_oak_planks":4,"minecraft:quartz_block":4,"minecraft:stone_sword":1,"minecraft:rotten_flesh":157,"minecraft:mangrove_roots":1,"minecraft:saddle":1,"minecraft:gold_ingot":4,"minecraft:polished_blackstone":6,"minecraft:brick_stairs":93,"spore:tendons":4,"minecraft:mutton":3,"minecraft:white_wool":5,"minecraft:cobblestone":319,"spore:altered_spleen":2,"minecraft:feather":8,"minecraft:andesite":11,"minecraft:leather":3,"minecraft:smoker":1,"minecraft:potato":16,"minecraft:flint":3,"minecraft:oak_log":53,"minecraft:chainmail_chestplate":3,"spore:living_boots":4,"horror_element_mod:villager_head":1,"minecraft:gunpowder":44,"sanitydim:garland":3,"spore:living_pants":4,"minecraft:lapis_lazuli":43,"minecraft:dirt":9,"minecraft:leather_boots":2,"minecraft:bone":4,"minecraft:stone_bricks":4,"spore:nerves":5,"minecraft:gray_terracotta":18,"minecraft:wheat_seeds":44,"minecraft:stone_pickaxe":6,"minecraft:iron_ingot":14,"minecraft:cobweb":386,"spore:mutated_fiber":133,"tacz:gun_smith_table":1,"minecraft:oak_planks":250,"minecraft:iron_sword":15,"minecraft:book":21,"minecraft:oak_slab":4,"spore:cerebrum":8,"spore:living_core":1,"minecraft:music_disc_13":2,"minecraft:daylight_detector":8,"spore:armor_fragment":19,"minecraft:dandelion":8,"minecraft:polished_blackstone_slab":1,"minecraft:fermented_spider_eye":2,"last_of_us:noxioustree":45,"minecraft:dark_oak_log":10,"minecraft:spruce_door":1,"minecraft:leather_helmet":1,"spore:claw_fragment":26,"minecraft:diamond":2,"tacz:modern_kinetic_gun":8,"minecraft:chainmail_leggings":5,"minecraft:cracked_polished_blackstone_bricks":1,"minecraft:granite":29,"minecraft:golden_apple":1,"minecraft:bread":24,"minecraft:emerald":16,"spore:spine_fragment":14,"horror_element_mod:broken_light":2,"minecraft:oak_sapling":1,"minecraft:coal":80,"minecraft:wooden_axe":6},"minecraft:mined":{"minecraft:dark_oak_planks":4,"minecraft:light_blue_stained_glass_pane":2,"minecraft:stone_pressure_plate":2,"minecraft:white_bed":2,"minecraft:blue_stained_glass_pane":2,"minecraft:dark_oak_log":10,"minecraft:mangrove_roots":1,"minecraft:gray_stained_glass_pane":1,"minecraft:ladder":1,"minecraft:glow_lichen":1,"minecraft:granite":21,"horror_element_mod:light_on":2,"minecraft:cracked_polished_blackstone_bricks":3,"minecraft:spruce_leaves":2,"minecraft:polished_blackstone_bricks":1,"minecraft:furnace":1,"horror_element_mod:villager_head":1,"minecraft:iron_ore":20,"minecraft:andesite":10,"minecraft:black_carpet":1,"minecraft:polished_deepslate":3,"minecraft:vine":3,"minecraft:dirt_path":1,"minecraft:stone":185,"minecraft:redstone_wall_torch":2,"minecraft:gray_terracotta":6,"minecraft:glass_pane":2,"minecraft:quartz_block":4,"minecraft:red_bed":1,"minecraft:dandelion":8,"minecraft:crafting_table":2,"minecraft:torch":1,"minecraft:calcite":4,"minecraft:gray_stained_glass":8,"minecraft:white_stained_glass_pane":2,"last_of_us:noxioustree":1,"minecraft:copper_ore":22,"minecraft:glass":9,"minecraft:cobblestone":9,"last_of_us:noxioussack":21,"minecraft:oak_planks":8,"minecraft:diorite":9,"minecraft:polished_blackstone_slab":3,"minecraft:redstone_torch":1,"minecraft:wheat":5,"minecraft:birch_trapdoor":1,"minecraft:grass":11,"minecraft:oak_log":39,"minecraft:coal_ore":40,"minecraft:dirt":3,"minecraft:cobweb":76,"minecraft:polished_blackstone":6,"minecraft:stone_bricks":2,"minecraft:oak_leaves":11,"minecraft:daylight_detector":6},"minecraft:dropped":{"minecraft:bread":5,"minecraft:daylight_detector":2,"minecraft:wheat_seeds":1,"last_of_us:noxioustree":7,"minecraft:spruce_door":1,"minecraft:leather_helmet":3,"minecraft:cracked_polished_blackstone_bricks":1,"spore:living_boots":1,"minecraft:cobweb":64,"firstaid:bandage":16,"minecraft:cornflower":1,"tacz:modern_kinetic_gun":4,"minecraft:iron_pickaxe":1,"minecraft:cactus":10,"last_of_us:noxioussack":12,"spore:living_helmet":1,"minecraft:oak_planks":78,"minecraft:azure_bluet":1,"minecraft:chainmail_chestplate":1,"minecraft:iron_chestplate":1,"minecraft:chainmail_boots":1,"minecraft:leather_boots":2,"minecraft:leather_leggings":1,"minecraft:stone_bricks":2,"minecraft:stone_pickaxe":1,"minecraft:quartz":2},"minecraft:killed":{"last_of_us:bloater":11,"spore:thorn":1,"last_of_us:runner":29,"minecraft:spider":2,"sanitydim:sneaking_terror":1,"spore:inquisitor":1,"minecraft:horse":1,"spore:griefer":1,"spore:jagd":2,"last_of_us:clicker":12,"minecraft:pig":1,"spore:inf_player":9,"last_of_us:shambler":3,"spore:brute":1,"last_of_us:crawler":9,"minecraft:creeper":4,"last_of_us:stalker":13,"spore:inf_pillager":12,"spore:inf_villager":12,"spore:inf_human":14,"spore:howler":1,"spore:inf_husk":4},"minecraft:killed_by":{"last_of_us:runner":1,"last_of_us:clicker":4,"minecraft:witch":1,"last_of_us:bloater":7,"last_of_us:stalker":1},"minecraft:broken":{"minecraft:stone_sword":1,"minecraft:wooden_pickaxe":2,"minecraft:stone_pickaxe":1,"minecraft:wooden_axe":1,"last_of_us:rock":2},"minecraft:crafted":{"minecraft:oak_planks":100,"minecraft:barrel":1,"sanitydim:garland":1,"firstaid:plaster":2,"spore:living_boots":3,"minecraft:stone_pickaxe":2,"minecraft:dark_oak_planks":40,"spore:living_core":1,"minecraft:oak_slab":6,"minecraft:cooked_porkchop":1,"minecraft:crafting_table":2,"minecraft:iron_sword":1,"minecraft:copper_ingot":62,"minecraft:air":0,"spore:living_pants":1,"minecraft:white_wool":5,"minecraft:stick":16,"minecraft:iron_ingot":20,"spore:plated_muscle":13,"minecraft:stone_sword":1,"spore:living_helmet":1,"spore:nerves":8,"minecraft:torch":28}},"DataVersion":3465}