{"stats":{"minecraft:used":{"minecraft:stone_sword":223,"minecraft:polished_deepslate":4,"minecraft:dispenser":1,"minecraft:black_carpet":1,"minecraft:iron_sword":186,"minecraft:rotten_flesh":3,"minecraft:torch":23,"minecraft:dirt":3,"sanitydim:garland":3,"minecraft:chainmail_chestplate":2,"minecraft:granite":20,"minecraft:dark_oak_planks":40,"minecraft:wooden_axe":30,"horror_element_mod:villager_head":1,"minecraft:quartz_block":4,"minecraft:iron_boots":1,"minecraft:barrel":1,"minecraft:stone_bricks":2,"minecraft:birch_trapdoor":1,"minecraft:mangrove_roots":1,"minecraft:deepslate_tile_stairs":2,"minecraft:stone_pressure_plate":2,"minecraft:potato":5,"minecraft:observer":1,"minecraft:calcite":4,"minecraft:wheat_seeds":23,"minecraft:leather_leggings":1,"horror_element_mod:broken_light":2,"minecraft:stone_pickaxe":240,"minecraft:oak_planks":27,"minecraft:wooden_pickaxe":97,"minecraft:leather_boots":1,"minecraft:gilded_blackstone":4,"last_of_us:noxioustree":1,"minecraft:crafting_table":3,"minecraft:red_bed":1,"minecraft:redstone_torch":4,"minecraft:daylight_detector":3,"minecraft:bread":3,"minecraft:leather_helmet":1,"minecraft:soul_lantern":1,"minecraft:cobblestone":74,"minecraft:cooked_porkchop":1,"minecraft:andesite":11,"minecraft:cobweb":6,"minecraft:chainmail_leggings":1},"minecraft:custom":{"minecraft:mob_kills":57,"minecraft:interact_with_crafting_table":13,"minecraft:open_barrel":65,"minecraft:damage_dealt_resisted":80,"minecraft:leave_game":1,"minecraft:time_since_death":15740,"minecraft:climb_one_cm":2838,"minecraft:sprint_one_cm":159976,"minecraft:walk_one_cm":300306,"minecraft:drop":32,"minecraft:play_time":100922,"minecraft:deaths":16,"minecraft:sneak_time":22921,"minecraft:walk_under_water_one_cm":33723,"minecraft:jump":1308,"minecraft:interact_with_blast_furnace":5,"minecraft:walk_on_water_one_cm":31697,"minecraft:total_world_time":101344,"minecraft:sleep_in_bed":4,"minecraft:time_since_rest":15766,"minecraft:damage_taken":3458,"minecraft:damage_dealt":16103,"minecraft:swim_one_cm":62333,"minecraft:fly_one_cm":143234,"minecraft:open_chest":7,"minecraft:crouch_one_cm":64835,"minecraft:interact_with_smoker":5,"minecraft:fall_one_cm":30850},"minecraft:picked_up":{"last_of_us:noxioussack":27,"minecraft:crafting_table":4,"minecraft:iron_chestplate":7,"minecraft:black_carpet":1,"minecraft:wheat":10,"minecraft:splash_potion":2,"minecraft:chainmail_boots":4,"minecraft:chicken":4,"minecraft:leather_leggings":5,"minecraft:wooden_pickaxe":9,"minecraft:nether_brick":6,"minecraft:raw_copper":74,"minecraft:polished_deepslate":3,"minecraft:cornflower":2,"minecraft:music_disc_cat":3,"minecraft:string":58,"minecraft:red_bed":1,"minecraft:oak_sign":35,"minecraft:redstone_torch":4,"minecraft:calcite":20,"minecraft:poppy":10,"minecraft:iron_boots":3,"minecraft:stick":2,"minecraft:raw_iron":30,"last_of_us:rags":3,"minecraft:oak_door":2,"minecraft:birch_trapdoor":1,"minecraft:copper_ingot":19,"minecraft:torch":13,"minecraft:porkchop":1,"minecraft:diorite":13,"minecraft:carrot":4,"minecraft:redstone":196,"minecraft:deepslate_tile_stairs":2,"last_of_us:rock":3,"minecraft:stone_pressure_plate":2,"minecraft:dark_oak_planks":4,"minecraft:quartz_block":4,"minecraft:stone_sword":1,"minecraft:rotten_flesh":133,"minecraft:mangrove_roots":1,"minecraft:saddle":1,"minecraft:gold_ingot":4,"minecraft:brick_stairs":62,"minecraft:mutton":3,"minecraft:white_wool":1,"minecraft:cobblestone":255,"minecraft:feather":8,"minecraft:andesite":11,"minecraft:leather":3,"minecraft:potato":16,"minecraft:oak_log":53,"minecraft:chainmail_chestplate":1,"horror_element_mod:villager_head":1,"minecraft:gunpowder":23,"sanitydim:garland":3,"minecraft:lapis_lazuli":43,"minecraft:dirt":9,"minecraft:leather_boots":1,"minecraft:stone_bricks":4,"minecraft:wheat_seeds":24,"minecraft:stone_pickaxe":2,"minecraft:iron_ingot":14,"minecraft:cobweb":328,"spore:mutated_fiber":23,"tacz:gun_smith_table":1,"minecraft:oak_planks":250,"minecraft:iron_sword":13,"minecraft:oak_slab":4,"minecraft:daylight_detector":8,"spore:armor_fragment":5,"minecraft:dandelion":8,"last_of_us:noxioustree":30,"minecraft:dark_oak_log":10,"minecraft:spruce_door":1,"minecraft:leather_helmet":1,"spore:claw_fragment":8,"minecraft:diamond":2,"tacz:modern_kinetic_gun":3,"minecraft:chainmail_leggings":5,"minecraft:granite":29,"minecraft:bread":22,"minecraft:emerald":16,"horror_element_mod:broken_light":2,"minecraft:coal":40,"minecraft:wooden_axe":6},"minecraft:mined":{"minecraft:dark_oak_planks":4,"minecraft:stone_pressure_plate":2,"minecraft:dark_oak_log":10,"minecraft:mangrove_roots":1,"minecraft:glow_lichen":1,"minecraft:granite":21,"horror_element_mod:light_on":2,"horror_element_mod:villager_head":1,"minecraft:iron_ore":20,"minecraft:andesite":10,"minecraft:black_carpet":1,"minecraft:polished_deepslate":3,"minecraft:dirt_path":1,"minecraft:stone":185,"minecraft:redstone_wall_torch":2,"minecraft:quartz_block":4,"minecraft:red_bed":1,"minecraft:dandelion":8,"minecraft:crafting_table":2,"minecraft:torch":1,"minecraft:calcite":4,"last_of_us:noxioustree":1,"minecraft:copper_ore":22,"minecraft:glass":5,"minecraft:cobblestone":9,"last_of_us:noxioussack":18,"minecraft:oak_planks":8,"minecraft:diorite":9,"minecraft:redstone_torch":1,"minecraft:wheat":5,"minecraft:birch_trapdoor":1,"minecraft:grass":11,"minecraft:oak_log":39,"minecraft:coal_ore":40,"minecraft:dirt":3,"minecraft:cobweb":18,"minecraft:stone_bricks":2,"minecraft:oak_leaves":6,"minecraft:daylight_detector":6},"minecraft:dropped":{"minecraft:daylight_detector":2,"minecraft:wheat_seeds":1,"last_of_us:noxioustree":7,"minecraft:spruce_door":1,"minecraft:leather_helmet":3,"minecraft:cornflower":1,"tacz:modern_kinetic_gun":3,"last_of_us:noxioussack":9,"minecraft:azure_bluet":1,"minecraft:chainmail_chestplate":1,"minecraft:iron_chestplate":1,"minecraft:leather_boots":2,"minecraft:leather_leggings":1,"minecraft:stone_bricks":2,"minecraft:quartz":2},"minecraft:killed":{"last_of_us:bloater":2,"spore:thorn":1,"last_of_us:runner":13,"minecraft:horse":1,"spore:jagd":2,"last_of_us:clicker":5,"minecraft:pig":1,"spore:inf_player":7,"last_of_us:crawler":4,"minecraft:creeper":2,"last_of_us:stalker":6,"spore:inf_pillager":3,"spore:inf_villager":2,"spore:inf_human":4,"spore:howler":1,"spore:inf_husk":2},"minecraft:killed_by":{"last_of_us:runner":1,"last_of_us:clicker":4,"minecraft:witch":1,"last_of_us:bloater":5,"last_of_us:stalker":1},"minecraft:broken":{"minecraft:wooden_pickaxe":2,"minecraft:stone_pickaxe":1,"minecraft:wooden_axe":1,"last_of_us:rock":1},"minecraft:crafted":{"minecraft:oak_planks":100,"minecraft:barrel":1,"sanitydim:garland":1,"firstaid:plaster":2,"minecraft:stone_pickaxe":2,"minecraft:dark_oak_planks":40,"minecraft:oak_slab":6,"minecraft:cooked_porkchop":1,"minecraft:crafting_table":2,"minecraft:copper_ingot":45,"minecraft:air":0,"minecraft:white_wool":5,"minecraft:stick":16,"minecraft:iron_ingot":10,"minecraft:stone_sword":1,"minecraft:torch":28}},"DataVersion":3465}