{"stats":{"minecraft:killed":{"last_of_us:bloater":8,"last_of_us:runner":9,"minecraft:spider":2,"spore:leaper":1,"minecraft:horse":3,"spore:griefer":1,"minecraft:chicken":2,"last_of_us:clicker":26,"spore:stalker":1,"last_of_us:shambler":2,"spore:volatile":1,"spore:brute":1,"last_of_us:crawler":1,"minecraft:creeper":8,"last_of_us:stalker":3,"spore:inf_pillager":2,"spore:busser":1,"spore:inf_husk":3,"spore:knight":1},"minecraft:mined":{"minecraft:gray_stained_glass_pane":2,"minecraft:ladder":3,"minecraft:granite":6,"minecraft:acacia_log":9,"minecraft:grass_block":2,"minecraft:white_stained_glass":5,"tacz:gun_smith_table":1,"minecraft:light_blue_stained_glass":7,"minecraft:furnace":11,"minecraft:iron_ore":38,"minecraft:andesite":1,"minecraft:anvil":1,"minecraft:deepslate_iron_ore":19,"minecraft:iron_bars":1,"minecraft:stone":127,"minecraft:white_wool":1,"minecraft:gray_terracotta":42,"minecraft:glass_pane":10,"minecraft:cyan_terracotta":9,"minecraft:red_bed":2,"minecraft:smoker":1,"minecraft:crafting_table":3,"minecraft:torch":2,"last_of_us:noxioussack":1,"minecraft:glass":4,"minecraft:tall_grass":3,"minecraft:copper_ore":61,"minecraft:cobblestone":10,"minecraft:deepslate_copper_ore":1,"minecraft:grass":9,"minecraft:oak_log":7,"minecraft:coal_ore":40,"minecraft:dirt":2,"minecraft:cracked_stone_bricks":1,"minecraft:stone_bricks":2,"minecraft:oak_leaves":3},"minecraft:killed_by":{"minecraft:player":1,"spore:busser":1,"last_of_us:clicker":1,"last_of_us:bloater":2},"minecraft:picked_up":{"last_of_us:noxioussack":2,"minecraft:crafting_table":8,"minecraft:iron_chestplate":2,"minecraft:wheat":8,"minecraft:chainmail_boots":2,"minecraft:chicken":8,"minecraft:ladder":3,"minecraft:anvil":2,"minecraft:diamond_sword":2,"minecraft:diamond_horse_armor":1,"minecraft:raw_copper":232,"minecraft:music_disc_cat":1,"minecraft:string":20,"spore:innards":4,"minecraft:red_bed":2,"tacz:ammo":240,"minecraft:cracked_stone_bricks":4,"minecraft:furnace":17,"minecraft:egg":7,"spore:tumor":5,"minecraft:stick":31,"minecraft:raw_iron":57,"minetraps:obstacle":1,"minecraft:stone":1,"last_of_us:rags":3,"minecraft:torch":132,"minecraft:acacia_log":22,"tacz:attachment":2,"minecraft:redstone":9,"last_of_us:rock":6,"minecraft:rotten_flesh":29,"minecraft:cyan_terracotta":10,"minecraft:saddle":4,"minecraft:gold_ingot":12,"firstaid:bandage":26,"minetraps:explosive_mine":2,"spore:tendons":8,"minecraft:iron_bars":1,"minecraft:white_wool":1,"minecraft:cobblestone":365,"spore:altered_spleen":1,"minecraft:feather":18,"minecraft:andesite":1,"minecraft:leather":5,"minecraft:smoker":1,"minecraft:oak_log":34,"minecraft:gunpowder":57,"minecraft:dirt":12,"minecraft:name_tag":4,"tacz:ammo_box":3,"minecraft:glass":22,"minecraft:bone":33,"minecraft:acacia_planks":66,"minecraft:stone_bricks":3,"minecraft:gray_terracotta":421,"minecraft:stone_pickaxe":5,"minecraft:iron_ingot":4,"minecraft:cobweb":26,"spore:mutated_fiber":24,"tacz:gun_smith_table":1,"minecraft:iron_sword":3,"minecraft:oak_planks":15,"minecraft:acacia_sapling":4,"spore:cerebrum":1,"minecraft:black_terracotta":21,"minecraft:music_disc_13":1,"spore:armor_fragment":32,"minecraft:fermented_spider_eye":1,"last_of_us:noxioustree":3,"spore:claw_fragment":18,"tacz:modern_kinetic_gun":4,"minecraft:chainmail_leggings":2,"minecraft:iron_helmet":3,"minecraft:granite":7,"minecraft:emerald":2,"minecraft:bread":10,"spore:spine_fragment":1,"minecraft:oak_sapling":23,"minecraft:coal":55},"minecraft:crafted":{"minecraft:smooth_stone":13,"minecraft:oak_planks":16,"minetraps:nails":18,"minetraps:nail_trap":2,"minecraft:blast_furnace":4,"minecraft:stone":13,"automobility:auto_mechanic_table":1,"automobility:automobile_assembler":1,"minecraft:glass":11,"minecraft:stone_pickaxe":3,"minecraft:chest":1,"minecraft:redstone_block":1,"minecraft:dark_oak_planks":36,"minecraft:crafting_table":2,"tacz:ammo_box":1,"minecraft:wooden_pickaxe":1,"tacz:gun_smith_table":1,"minecraft:copper_ingot":239,"minecraft:air":0,"minecraft:white_wool":2,"minecraft:stick":20,"minecraft:iron_ingot":48,"minecraft:iron_block":1,"minecraft:acacia_planks":36,"minecraft:torch":40},"minecraft:broken":{"minecraft:wooden_pickaxe":1,"minecraft:stone_pickaxe":2},"minecraft:custom":{"minecraft:mob_kills":77,"minecraft:interact_with_crafting_table":30,"minecraft:open_barrel":13,"minecraft:damage_dealt_resisted":189,"minecraft:leave_game":7,"minecraft:time_since_death":21950,"minecraft:climb_one_cm":61789,"minecraft:sprint_one_cm":202185,"minecraft:walk_one_cm":339743,"minecraft:drop":18,"minecraft:play_time":184335,"minecraft:deaths":8,"minecraft:sneak_time":28149,"minecraft:walk_under_water_one_cm":35581,"minecraft:jump":2065,"minecraft:interact_with_blast_furnace":107,"minecraft:walk_on_water_one_cm":49290,"minecraft:total_world_time":184890,"minecraft:interact_with_furnace":65,"minecraft:sleep_in_bed":2,"minecraft:time_since_rest":2016,"minecraft:damage_taken":1569,"minecraft:damage_dealt":4258,"minecraft:swim_one_cm":15265,"minecraft:fly_one_cm":841551,"minecraft:player_kills":4,"minecraft:open_chest":121,"minecraft:crouch_one_cm":67593,"minecraft:fall_one_cm":28724},"minecraft:used":{"minecraft:iron_bars":1,"minecraft:ladder":7,"tacz:gun_smith_table":2,"minecraft:chest":1,"minetraps:bear_trap":28,"minecraft:iron_chestplate":1,"minecraft:torch":124,"minecraft:anvil":1,"minecraft:granite":6,"minecraft:light_blue_stained_glass":6,"automobility:automobile_assembler":1,"minecraft:cyan_terracotta":31,"minecraft:iron_helmet":1,"minecraft:stone_bricks":149,"minetraps:obstacle":12,"minecraft:furnace":1,"minetraps:explosive_mine":165,"minecraft:egg":1,"minecraft:water_bucket":4,"minecraft:stone_pickaxe":393,"minecraft:oak_planks":2,"minecraft:wooden_pickaxe":54,"minetraps:quicksand":18,"minetraps:razor_wire":4,"minecraft:cracked_stone_bricks":1,"minecraft:white_wool":1,"minecraft:sand":1,"minecraft:crafting_table":4,"minecraft:red_bed":3,"minecraft:blast_furnace":4,"minecraft:smoker":1,"minecraft:gray_terracotta":302,"minecraft:apple":1,"automobility:auto_mechanic_table":1,"minecraft:bread":6,"minetraps:troll_block":151,"minecraft:diamond_sword":31,"minetraps:nail_trap":8,"minecraft:cobblestone":54,"minecraft:chainmail_boots":1,"minecraft:bucket":331,"minecraft:chainmail_leggings":1},"minecraft:dropped":{"minecraft:iron_ingot":15,"minecraft:iron_helmet":1,"last_of_us:noxioustree":3,"minecraft:leather_helmet":1,"minecraft:music_disc_13":1,"last_of_us:rock":1,"tacz:ammo_box":1,"tacz:modern_kinetic_gun":1,"minecraft:fermented_spider_eye":1,"minecraft:acacia_planks":64,"minecraft:chainmail_chestplate":1,"minecraft:diamond_sword":2,"minecraft:stone":1,"minecraft:oak_sapling":2}},"DataVersion":3465}