{"stats":{"minecraft:used":{"minecraft:stone_sword":14,"minecraft:polished_deepslate":4,"minecraft:dispenser":1,"minecraft:black_carpet":1,"minecraft:iron_sword":186,"minecraft:rotten_flesh":3,"minecraft:torch":7,"minecraft:dirt":1,"sanitydim:garland":3,"minecraft:dark_oak_planks":38,"minecraft:wooden_axe":30,"horror_element_mod:villager_head":1,"minecraft:quartz_block":4,"minecraft:barrel":1,"minecraft:stone_bricks":2,"minecraft:birch_trapdoor":1,"minecraft:mangrove_roots":1,"minecraft:deepslate_tile_stairs":2,"minecraft:stone_pressure_plate":2,"minecraft:observer":1,"minecraft:calcite":2,"minecraft:wheat_seeds":14,"horror_element_mod:broken_light":2,"minecraft:stone_pickaxe":46,"minecraft:oak_planks":27,"minecraft:wooden_pickaxe":97,"minecraft:gilded_blackstone":4,"last_of_us:noxioustree":1,"minecraft:crafting_table":2,"minecraft:red_bed":1,"minecraft:redstone_torch":4,"minecraft:daylight_detector":3,"minecraft:bread":2,"minecraft:soul_lantern":1,"minecraft:cobblestone":3,"minecraft:cobweb":3},"minecraft:custom":{"minecraft:mob_kills":27,"minecraft:interact_with_crafting_table":8,"minecraft:open_barrel":34,"minecraft:leave_game":1,"minecraft:time_since_death":8998,"minecraft:climb_one_cm":2838,"minecraft:sprint_one_cm":108763,"minecraft:walk_one_cm":205176,"minecraft:drop":21,"minecraft:play_time":64922,"minecraft:deaths":15,"minecraft:sneak_time":13073,"minecraft:walk_under_water_one_cm":27995,"minecraft:jump":877,"minecraft:walk_on_water_one_cm":24171,"minecraft:total_world_time":65344,"minecraft:sleep_in_bed":3,"minecraft:time_since_rest":9023,"minecraft:damage_taken":3058,"minecraft:damage_dealt":8270,"minecraft:swim_one_cm":49873,"minecraft:fly_one_cm":116520,"minecraft:open_chest":7,"minecraft:crouch_one_cm":39674,"minecraft:interact_with_smoker":2,"minecraft:fall_one_cm":24292},"minecraft:picked_up":{"last_of_us:noxioussack":23,"minecraft:crafting_table":3,"minecraft:iron_chestplate":6,"minecraft:black_carpet":1,"minecraft:wheat":6,"minecraft:splash_potion":2,"minecraft:chainmail_boots":2,"minecraft:chicken":4,"minecraft:leather_leggings":4,"minecraft:wooden_pickaxe":9,"minecraft:nether_brick":6,"minecraft:polished_deepslate":3,"minecraft:cornflower":2,"minecraft:music_disc_cat":3,"minecraft:string":49,"minecraft:red_bed":1,"minecraft:oak_sign":35,"minecraft:redstone_torch":4,"minecraft:calcite":16,"minecraft:poppy":10,"minecraft:iron_boots":3,"minecraft:stick":2,"last_of_us:rags":3,"minecraft:birch_trapdoor":1,"minecraft:porkchop":1,"minecraft:diorite":9,"minecraft:redstone":196,"minecraft:deepslate_tile_stairs":2,"last_of_us:rock":2,"minecraft:stone_pressure_plate":2,"minecraft:dark_oak_planks":2,"minecraft:quartz_block":4,"minecraft:rotten_flesh":133,"minecraft:mangrove_roots":1,"minecraft:saddle":1,"minecraft:gold_ingot":4,"minecraft:mutton":3,"minecraft:white_wool":1,"minecraft:cobblestone":113,"minecraft:feather":8,"minecraft:andesite":10,"minecraft:leather":3,"minecraft:oak_log":53,"horror_element_mod:villager_head":1,"minecraft:gunpowder":19,"sanitydim:garland":3,"minecraft:dirt":9,"minecraft:stone_bricks":2,"minecraft:wheat_seeds":5,"minecraft:iron_ingot":8,"minecraft:cobweb":320,"spore:mutated_fiber":10,"minecraft:oak_planks":220,"minecraft:iron_sword":12,"minecraft:daylight_detector":3,"minecraft:dandelion":8,"last_of_us:noxioustree":27,"minecraft:dark_oak_log":10,"minecraft:spruce_door":1,"minecraft:diamond":2,"minecraft:chainmail_leggings":4,"minecraft:granite":1,"minecraft:bread":22,"minecraft:emerald":16,"horror_element_mod:broken_light":2,"minecraft:coal":20,"minecraft:wooden_axe":6},"minecraft:mined":{"minecraft:dark_oak_planks":2,"minecraft:stone_pressure_plate":2,"minecraft:dark_oak_log":10,"minecraft:mangrove_roots":1,"minecraft:glow_lichen":1,"minecraft:granite":1,"horror_element_mod:light_on":2,"horror_element_mod:villager_head":1,"minecraft:andesite":10,"minecraft:black_carpet":1,"minecraft:polished_deepslate":3,"minecraft:dirt_path":1,"minecraft:stone":78,"minecraft:redstone_wall_torch":2,"minecraft:quartz_block":4,"minecraft:red_bed":1,"minecraft:dandelion":8,"minecraft:crafting_table":1,"minecraft:calcite":2,"last_of_us:noxioustree":1,"minecraft:glass":3,"minecraft:cobblestone":6,"last_of_us:noxioussack":13,"minecraft:oak_planks":8,"minecraft:diorite":9,"minecraft:birch_trapdoor":1,"minecraft:grass":11,"minecraft:oak_log":39,"minecraft:coal_ore":20,"minecraft:dirt":3,"minecraft:cobweb":16,"minecraft:stone_bricks":2,"minecraft:oak_leaves":6,"minecraft:daylight_detector":3},"minecraft:dropped":{"minecraft:wheat_seeds":1,"last_of_us:noxioustree":5,"minecraft:spruce_door":1,"minecraft:leather_helmet":3,"minecraft:cornflower":1,"last_of_us:noxioussack":5,"minecraft:azure_bluet":1,"minecraft:chainmail_chestplate":1,"minecraft:iron_chestplate":1,"minecraft:leather_boots":2,"minecraft:leather_leggings":1,"minecraft:quartz":2},"minecraft:killed":{"last_of_us:bloater":2,"last_of_us:runner":10,"minecraft:horse":1,"last_of_us:clicker":3,"minecraft:pig":1,"last_of_us:crawler":4,"minecraft:creeper":1,"last_of_us:stalker":4},"minecraft:killed_by":{"last_of_us:runner":1,"last_of_us:clicker":3,"minecraft:witch":1,"last_of_us:bloater":5,"last_of_us:stalker":1},"minecraft:broken":{"minecraft:wooden_pickaxe":2,"minecraft:wooden_axe":1},"minecraft:crafted":{"minecraft:oak_planks":100,"minecraft:barrel":1,"sanitydim:garland":1,"firstaid:plaster":2,"minecraft:stone_pickaxe":1,"minecraft:dark_oak_planks":40,"minecraft:oak_slab":6,"minecraft:crafting_table":1,"minecraft:white_wool":3,"minecraft:stick":16,"minecraft:stone_sword":1,"minecraft:torch":28}},"DataVersion":3465}