{"stats":{"minecraft:custom":{"minecraft:interact_with_furnace":1,"minecraft:mob_kills":1,"minecraft:interact_with_crafting_table":8,"minecraft:open_barrel":20,"minecraft:leave_game":11,"minecraft:time_since_death":1165,"minecraft:sleep_in_bed":2,"minecraft:climb_one_cm":25590,"minecraft:time_since_rest":1196,"minecraft:sprint_one_cm":100372,"minecraft:damage_taken":5749,"minecraft:walk_one_cm":123571,"minecraft:drop":11,"minecraft:damage_dealt":869,"minecraft:swim_one_cm":33408,"minecraft:fly_one_cm":101989,"minecraft:player_kills":1,"minecraft:open_chest":7,"minecraft:crouch_one_cm":17584,"minecraft:play_time":52850,"minecraft:deaths":37,"minecraft:sneak_time":5368,"minecraft:walk_under_water_one_cm":7628,"minecraft:jump":879,"minecraft:walk_on_water_one_cm":14912,"minecraft:total_world_time":52850,"minecraft:interact_with_smoker":2,"minecraft:fall_one_cm":23418},"minecraft:used":{"minecraft:calcite":3,"minecraft:red_sand":12,"minecraft:stone_sword":8,"minecraft:oak_planks":13,"minecraft:wooden_pickaxe":8,"minecraft:iron_chestplate":1,"minecraft:dirt":5,"minecraft:red_bed":4,"minecraft:light_gray_terracotta":4,"minecraft:bread":1,"minecraft:leather_helmet":1,"minecraft:wooden_sword":23,"minecraft:chainmail_boots":1,"minecraft:cobweb":50,"minecraft:chainmail_leggings":1},"minecraft:dropped":{"minecraft:bread":2,"minecraft:leather_helmet":1,"minecraft:chainmail_chestplate":1,"minecraft:stick":1,"minecraft:cobweb":73,"minecraft:leather_boots":1,"minecraft:oak_sapling":1,"minecraft:leather_leggings":1,"minecraft:wooden_sword":1},"minecraft:killed_by":{"last_of_us:runner":10,"spore:inf_player":1,"minecraft:player":2,"last_of_us:clicker":8,"spore:busser":4,"last_of_us:bloater":1,"last_of_us:stalker":3},"minecraft:picked_up":{"last_of_us:noxioussack":2,"minecraft:wheat":1,"spore:mutated_heart":3,"minecraft:iron_chestplate":1,"minecraft:crafting_table":4,"minecraft:chainmail_boots":1,"minecraft:ladder":2,"minecraft:leather_leggings":1,"minecraft:wooden_pickaxe":8,"minecraft:oak_log":6,"minecraft:chainmail_chestplate":2,"minecraft:gunpowder":6,"minecraft:dirt":10,"minecraft:string":83,"minecraft:red_bed":5,"minecraft:raw_copper":190,"minecraft:wooden_sword":2,"minecraft:red_sand":14,"minecraft:stone_pickaxe":1,"minecraft:cobweb":82,"minecraft:calcite":3,"minecraft:oak_planks":98,"minecraft:stick":24,"minecraft:ink_sac":10,"minecraft:redstone":8,"minecraft:leather_helmet":1,"minecraft:light_gray_terracotta":8,"minecraft:stone_sword":3,"minecraft:rotten_flesh":13,"minecraft:chainmail_leggings":1,"minecraft:granite":2,"minecraft:golden_apple":1,"minecraft:saddle":4,"minecraft:bread":4,"minecraft:emerald":3,"minecraft:oak_sapling":1,"minecraft:cobblestone":9,"minecraft:white_wool":8},"minecraft:mined":{"minecraft:glass_pane":2,"minecraft:red_bed":4,"minecraft:jungle_leaves":3,"minecraft:blue_stained_glass":2,"minecraft:gray_stained_glass_pane":4,"minecraft:crafting_table":1,"minecraft:red_sand":12,"minecraft:grass_block":2,"minecraft:calcite":4,"minecraft:white_stained_glass_pane":5,"minecraft:dead_bush":10,"minecraft:glass":1,"last_of_us:noxioussack":2,"minecraft:spruce_leaves":3,"minecraft:oak_planks":3,"minecraft:oak_log":6,"minecraft:vine":3,"minecraft:dirt":7,"minecraft:cobweb":26,"minecraft:oak_leaves":8},"minecraft:crafted":{"minecraft:wooden_sword":1,"minecraft:oak_planks":24,"firstaid:plaster":2,"minecraft:white_wool":12},"minecraft:broken":{"minecraft:wooden_sword":1}},"DataVersion":3465}