{"stats":{"minecraft:used":{"minecraft:polished_deepslate":4,"minecraft:dispenser":1,"minecraft:polished_blackstone":7,"minecraft:ladder":1,"minecraft:black_carpet":1,"minecraft:chest":8,"minecraft:iron_sword":208,"minecraft:rotten_flesh":4,"sanitydim:garland":3,"minecraft:snowball":2,"automobility:automobile_assembler":1,"minecraft:polished_blackstone_slab":1,"automobility:steep_slope":1,"minecraft:cyan_terracotta":4,"horror_element_mod:villager_head":1,"minecraft:quartz_block":4,"minecraft:iron_helmet":1,"minecraft:stone_bricks":7,"minecraft:birch_trapdoor":1,"minecraft:mangrove_roots":1,"minecraft:furnace":1,"minecraft:potato":5,"minecraft:diorite":4,"minecraft:leather_leggings":2,"minecraft:stone_pickaxe":276,"minecraft:oak_planks":28,"minecraft:wooden_pickaxe":104,"last_of_us:noxioustree":1,"spore:tumor":5,"minecraft:redstone_torch":4,"minecraft:daylight_detector":3,"automobility:auto_mechanic_table":3,"minecraft:bread":4,"spore:living_pants":3,"minecraft:soul_lantern":1,"minecraft:chainmail_boots":2,"minecraft:andesite":11,"minecraft:smooth_stone_slab":6,"minecraft:cobweb":64,"minecraft:iron_bars":2,"minecraft:stone_sword":260,"tacz:gun_smith_table":1,"minecraft:torch":166,"minecraft:dirt":3,"minecraft:chainmail_chestplate":5,"minecraft:granite":20,"minecraft:dark_oak_planks":40,"spore:living_helmet":1,"minecraft:wooden_axe":30,"minecraft:iron_boots":1,"minecraft:barrel":1,"minecraft:iron_trapdoor":1,"minecraft:deepslate_tile_stairs":2,"minecraft:stone_pressure_plate":2,"minecraft:observer":1,"minecraft:calcite":6,"minecraft:wheat_seeds":23,"horror_element_mod:broken_light":2,"minecraft:leather_boots":1,"minecraft:polished_blackstone_bricks":1,"minecraft:gilded_blackstone":4,"spore:living_boots":5,"automobility:slope":3,"minecraft:crafting_table":4,"minecraft:red_bed":1,"minecraft:white_bed":4,"minecraft:smoker":1,"minecraft:gray_terracotta":7,"minecraft:apple":1,"minecraft:cracked_polished_blackstone_bricks":1,"minecraft:iron_pickaxe":5,"minecraft:leather_helmet":2,"minecraft:cobblestone":178,"minecraft:cooked_porkchop":1,"minecraft:chainmail_leggings":1},"minecraft:custom":{"minecraft:interact_with_crafting_table":36,"minecraft:open_barrel":89,"minecraft:leave_game":3,"minecraft:time_since_death":8961,"minecraft:sprint_one_cm":622351,"minecraft:drop":169,"minecraft:play_time":355952,"minecraft:deaths":44,"minecraft:jump":4451,"minecraft:walk_on_water_one_cm":47775,"minecraft:interact_with_furnace":5,"minecraft:sleep_in_bed":8,"minecraft:damage_dealt":17021,"minecraft:player_kills":9,"minecraft:crouch_one_cm":154828,"minecraft:interact_with_smoker":8,"minecraft:mob_kills":212,"minecraft:damage_dealt_resisted":80,"minecraft:climb_one_cm":63479,"minecraft:walk_one_cm":823390,"minecraft:sneak_time":51835,"minecraft:walk_under_water_one_cm":66223,"minecraft:interact_with_blast_furnace":43,"minecraft:total_world_time":356374,"minecraft:time_since_rest":8985,"minecraft:damage_taken":8707,"minecraft:swim_one_cm":63744,"minecraft:fly_one_cm":1630344,"minecraft:open_chest":266,"minecraft:fall_one_cm":102654},"minecraft:mined":{"minecraft:stone_pressure_plate":2,"minecraft:white_bed":4,"minecraft:jungle_leaves":1,"minecraft:granite":21,"minecraft:cracked_polished_blackstone_bricks":3,"automobility:auto_mechanic_table":1,"minecraft:polished_blackstone_bricks":2,"horror_element_mod:villager_head":1,"automobility:automobile_assembler":1,"minecraft:iron_ore":20,"minecraft:black_carpet":1,"minecraft:dirt_path":1,"minecraft:iron_bars":5,"minecraft:gray_terracotta":6,"minecraft:quartz_block":4,"minecraft:red_bed":1,"minecraft:cyan_terracotta":5,"minecraft:torch":1,"minecraft:calcite":4,"minecraft:white_stained_glass_pane":2,"last_of_us:noxioustree":1,"minecraft:glass":18,"minecraft:cobblestone":9,"last_of_us:noxioussack":28,"minecraft:oak_planks":8,"minecraft:wheat":5,"minecraft:birch_trapdoor":1,"minecraft:grass":11,"minecraft:oak_log":46,"minecraft:dirt":3,"minecraft:oak_leaves":18,"minecraft:daylight_detector":6,"minecraft:light_blue_stained_glass_pane":2,"minecraft:blue_stained_glass_pane":7,"minecraft:dark_oak_log":10,"minecraft:mangrove_roots":1,"minecraft:gray_stained_glass_pane":3,"minecraft:glow_lichen":1,"minecraft:ladder":1,"horror_element_mod:light_on":2,"minecraft:white_stained_glass":3,"minecraft:spruce_leaves":3,"minecraft:furnace":1,"minecraft:andesite":10,"minecraft:diamond_block":1,"minecraft:polished_deepslate":3,"minecraft:vine":3,"minecraft:stone":185,"minecraft:redstone_wall_torch":2,"minecraft:glass_pane":2,"minecraft:dandelion":8,"minecraft:crafting_table":2,"minecraft:gray_stained_glass":12,"minecraft:copper_ore":22,"minecraft:red_concrete":1,"minecraft:diorite":9,"minecraft:polished_blackstone_slab":3,"minecraft:redstone_torch":1,"minecraft:mangrove_leaves":1,"minecraft:coal_ore":40,"minecraft:cobweb":76,"minecraft:cracked_stone_bricks":1,"minecraft:polished_blackstone":6,"minecraft:stone_bricks":4,"minecraft:iron_trapdoor":1,"minecraft:dark_oak_planks":4},"minecraft:picked_up":{"minecraft:wooden_axe":7,"last_of_us:noxioussack":42,"minecraft:iron_chestplate":10,"spore:mutated_heart":7,"minecraft:wheat":25,"minecraft:black_carpet":1,"minecraft:chainmail_boots":6,"minecraft:iron_trapdoor":1,"minecraft:anvil":2,"minecraft:enchanted_book":2,"minecraft:nether_brick":6,"minecraft:brewing_stand":2,"minecraft:polished_deepslate":3,"minecraft:music_disc_cat":7,"spore:innards":1,"minecraft:string":146,"minecraft:raw_copper":135,"minecraft:smooth_stone_slab":6,"minecraft:iron_leggings":1,"minecraft:oak_sign":35,"minecraft:cobbled_deepslate":31,"minecraft:bucket":3,"minecraft:eye_armor_trim_smithing_template":2,"minecraft:redstone_torch":6,"minecraft:calcite":22,"minecraft:iron_pickaxe":9,"minecraft:furnace":6,"minecraft:iron_boots":7,"minecraft:stick":16,"spore:plated_muscle":3,"minecraft:birch_trapdoor":1,"minecraft:torch":83,"minecraft:porkchop":1,"tacz:attachment":3,"minecraft:diorite":31,"minecraft:deepslate_tile_stairs":2,"minecraft:quartz_block":4,"minecraft:stone_sword":1,"minecraft:rotten_flesh":272,"minecraft:cyan_terracotta":13,"minecraft:mangrove_roots":1,"minecraft:obsidian":2,"minecraft:iron_bars":5,"minecraft:cobblestone":1213,"minecraft:cooked_beef":63,"minecraft:feather":8,"minecraft:water_bucket":1,"minecraft:andesite":11,"minecraft:smoker":5,"minecraft:potato":16,"minecraft:flint":3,"spore:living_boots":5,"horror_element_mod:villager_head":1,"spore:living_pants":6,"minecraft:lapis_lazuli":92,"minecraft:dirt":35,"minecraft:name_tag":6,"minecraft:leather_boots":2,"minecraft:bone":60,"spore:nerves":5,"minecraft:gray_terracotta":51,"minecraft:wheat_seeds":44,"minecraft:raw_gold":11,"minecraft:glowstone_dust":2,"tacz:gun_smith_table":1,"minecraft:oak_planks":782,"spore:cerebrum":10,"minecraft:music_disc_13":2,"spore:armor_fragment":121,"automobility:rear_attachment":2,"minecraft:polished_blackstone_slab":1,"minecraft:fermented_spider_eye":5,"minecraft:diamond_block":2,"minecraft:dark_oak_log":10,"last_of_us:noxioustree":80,"spore:claw_fragment":39,"minecraft:diamond":6,"minecraft:cracked_polished_blackstone_bricks":7,"minecraft:granite":43,"minecraft:golden_apple":2,"minecraft:emerald":68,"minecraft:bread":52,"spore:spine_fragment":19,"minecraft:oak_sapling":1,"minecraft:crafting_table":8,"minecraft:splash_potion":2,"minecraft:chicken":4,"minecraft:ladder":2,"minecraft:leather_leggings":8,"minecraft:wooden_pickaxe":11,"minecraft:diamond_horse_armor":1,"minecraft:shield":5,"spore:sickle_fragment":3,"minecraft:cornflower":3,"minecraft:red_bed":1,"spore:saber":1,"minecraft:iron_axe":1,"tacz:ammo":1043,"minecraft:music_disc_otherside":2,"spore:combat_pickaxe":1,"minecraft:iron_nugget":18,"minecraft:poppy":10,"spore:tumor":5,"minecraft:raw_iron":30,"last_of_us:rags":19,"minecraft:oak_door":3,"spore:wing_membrane":1,"minecraft:copper_ingot":172,"automobility:automobile_assembler":3,"minecraft:polished_blackstone_bricks":3,"minecraft:carrot":4,"minecraft:redstone":199,"last_of_us:rock":12,"minecraft:stone_pressure_plate":2,"minecraft:dark_oak_planks":4,"minecraft:saddle":2,"minecraft:gold_ingot":18,"minecraft:polished_blackstone":7,"minecraft:brick_stairs":93,"spore:tendons":16,"minecraft:mutton":3,"minecraft:white_wool":9,"spore:altered_spleen":2,"minecraft:leather":27,"minecraft:oak_log":129,"minecraft:chainmail_chestplate":6,"minecraft:gunpowder":127,"sanitydim:garland":3,"minecraft:apple":3,"minecraft:stone_bricks":8,"automobility:auto_mechanic_table":3,"minecraft:iron_ingot":40,"minecraft:stone_pickaxe":12,"minecraft:cobweb":386,"spore:mutated_fiber":214,"minecraft:iron_sword":16,"minecraft:book":84,"minecraft:oak_slab":4,"spore:living_core":1,"minecraft:daylight_detector":8,"minecraft:dandelion":9,"minecraft:gravel":12,"minecraft:white_bed":3,"minecraft:spruce_door":1,"minecraft:spider_eye":2,"minecraft:leather_helmet":3,"minecraft:polished_diorite":2,"minecraft:stone_axe":3,"tacz:modern_kinetic_gun":26,"minecraft:chainmail_leggings":5,"minecraft:iron_helmet":2,"horror_element_mod:broken_light":2,"minecraft:melon_seeds":15,"minecraft:coal":153},"minecraft:dropped":{"minecraft:daylight_detector":2,"minecraft:iron_sword":1,"minecraft:lapis_lazuli":39,"minecraft:cooked_beef":191,"minecraft:oak_log":64,"minecraft:diamond":4,"spore:combat_pickaxe":2,"last_of_us:noxioustree":11,"minecraft:leather":53,"minecraft:leather_helmet":3,"minecraft:music_disc_13":1,"minecraft:emerald":52,"minecraft:cracked_polished_blackstone_bricks":1,"firstaid:bandage":16,"minecraft:cornflower":1,"minecraft:polished_blackstone_bricks":1,"minecraft:iron_pickaxe":3,"minecraft:gold_ingot":14,"spore:saber":1,"minecraft:bone":17,"last_of_us:noxioussack":17,"minecraft:stone_axe":2,"minecraft:cobbled_deepslate":30,"minecraft:music_disc_otherside":1,"minecraft:wheat":1,"minecraft:oak_planks":142,"minecraft:azure_bluet":1,"minecraft:white_bed":1,"minecraft:eye_armor_trim_smithing_template":1,"minecraft:chainmail_chestplate":2,"minecraft:gunpowder":58,"minecraft:leather_boots":2,"last_of_us:rags":3,"minecraft:chainmail_boots":1,"minecraft:leather_leggings":1,"minecraft:iron_bars":1,"minecraft:quartz":2,"spore:armor_fragment":28,"tacz:attachment":1,"minecraft:iron_ingot":6,"minecraft:bread":5,"minecraft:wheat_seeds":1,"minecraft:iron_helmet":1,"minecraft:cobblestone":303,"minecraft:book":63,"minecraft:spruce_door":1,"minecraft:coal":70,"minecraft:cobweb":64,"minecraft:diamond_horse_armor":1,"spore:living_boots":1,"minecraft:iron_leggings":1,"tacz:modern_kinetic_gun":11,"minecraft:iron_axe":1,"minecraft:cactus":10,"minecraft:string":12,"minecraft:bucket":1,"minecraft:music_disc_cat":1,"minecraft:dandelion":1,"minecraft:polished_diorite":2,"minecraft:anvil":2,"minecraft:raw_copper":61,"spore:living_helmet":1,"minecraft:iron_boots":2,"minecraft:smoker":2,"spore:mutated_fiber":1,"minecraft:filled_map":1,"minecraft:gray_terracotta":2,"minecraft:shield":5,"minecraft:iron_chestplate":2,"minecraft:stone_bricks":2,"minecraft:spider_eye":2,"tacz:ammo":495,"minecraft:stone_pickaxe":3,"minecraft:raw_gold":11},"minecraft:killed":{"last_of_us:bloater":13,"minecraft:spider":4,"sanitydim:sneaking_terror":1,"last_of_us:clicker":21,"minecraft:pig":1,"spore:inf_player":11,"spore:inf_wanderer":2,"spore:scamper":1,"last_of_us:crawler":13,"minecraft:creeper":10,"last_of_us:stalker":19,"spore:inf_villager":15,"minecraft:trader_llama":2,"spore:inf_human":15,"spore:howler":1,"spore:knight":1,"spore:thorn":1,"last_of_us:runner":47,"sanitydim:rotting_stalker":1,"spore:inquisitor":1,"minecraft:horse":1,"spore:griefer":1,"spore:jagd":2,"last_of_us:shambler":4,"spore:brute":1,"spore:inf_pillager":14,"spore:busser":1,"spore:inf_husk":4,"spore:slasher":1,"minecraft:enderman":1},"minecraft:killed_by":{"last_of_us:runner":1,"spore:inf_villager":1,"minecraft:witch":1,"last_of_us:stalker":1,"minecraft:player":4,"minecraft:enderman":1,"last_of_us:clicker":8,"last_of_us:bloater":9},"minecraft:broken":{"minecraft:stone_pickaxe":1,"minecraft:wooden_axe":1,"last_of_us:rock":7,"minecraft:stone_sword":1,"minecraft:wooden_pickaxe":2},"minecraft:crafted":{"minecraft:oak_planks":128,"minecraft:barrel":1,"automobility:auto_mechanic_table":1,"spore:living_boots":3,"minecraft:chest":1,"minecraft:oak_slab":6,"minecraft:cooked_porkchop":1,"minecraft:crafting_table":2,"minecraft:copper_ingot":125,"minecraft:stick":16,"minecraft:iron_ingot":34,"spore:plated_muscle":13,"minecraft:stone_sword":1,"spore:living_helmet":1,"minecraft:iron_nugget":9,"minecraft:furnace":3,"sanitydim:garland":1,"firstaid:plaster":2,"automobility:automobile_assembler":1,"minecraft:stone_pickaxe":2,"minecraft:dark_oak_planks":40,"spore:living_core":1,"minecraft:iron_sword":1,"minecraft:air":0,"spore:living_pants":1,"minecraft:white_wool":5,"spore:nerves":8,"minecraft:torch":28}},"DataVersion":3465}