{"stats":{"minecraft:used":{"minecraft:stone_sword":260,"minecraft:polished_deepslate":4,"minecraft:dispenser":1,"minecraft:polished_blackstone":7,"minecraft:black_carpet":1,"tacz:gun_smith_table":1,"minecraft:chest":8,"minecraft:iron_sword":208,"minecraft:rotten_flesh":3,"minecraft:torch":166,"minecraft:dirt":3,"sanitydim:garland":3,"minecraft:chainmail_chestplate":4,"minecraft:granite":20,"minecraft:snowball":2,"automobility:automobile_assembler":1,"spore:living_helmet":1,"minecraft:polished_blackstone_slab":1,"minecraft:dark_oak_planks":40,"minecraft:wooden_axe":30,"minecraft:cyan_terracotta":1,"automobility:steep_slope":1,"horror_element_mod:villager_head":1,"minecraft:quartz_block":4,"minecraft:iron_boots":1,"minecraft:barrel":1,"minecraft:stone_bricks":2,"minecraft:birch_trapdoor":1,"minecraft:mangrove_roots":1,"minecraft:furnace":1,"minecraft:deepslate_tile_stairs":2,"minecraft:stone_pressure_plate":2,"minecraft:potato":5,"minecraft:observer":1,"minecraft:calcite":6,"minecraft:wheat_seeds":23,"minecraft:diorite":4,"minecraft:leather_leggings":1,"horror_element_mod:broken_light":2,"minecraft:stone_pickaxe":269,"minecraft:oak_planks":28,"minecraft:wooden_pickaxe":97,"minecraft:leather_boots":1,"minecraft:polished_blackstone_bricks":1,"minecraft:gilded_blackstone":4,"spore:living_boots":3,"last_of_us:noxioustree":1,"automobility:slope":3,"minecraft:crafting_table":4,"minecraft:red_bed":1,"minecraft:white_bed":2,"spore:tumor":5,"minecraft:smoker":1,"minecraft:redstone_torch":4,"minecraft:gray_terracotta":5,"minecraft:apple":1,"minecraft:daylight_detector":3,"automobility:auto_mechanic_table":3,"minecraft:cracked_polished_blackstone_bricks":1,"minecraft:bread":4,"minecraft:leather_helmet":1,"spore:living_pants":2,"minecraft:soul_lantern":1,"minecraft:cobblestone":91,"minecraft:chainmail_boots":1,"minecraft:cooked_porkchop":1,"minecraft:andesite":11,"minecraft:smooth_stone_slab":6,"minecraft:cobweb":64,"minecraft:chainmail_leggings":1},"minecraft:custom":{"minecraft:mob_kills":159,"minecraft:interact_with_crafting_table":36,"minecraft:open_barrel":67,"minecraft:damage_dealt_resisted":80,"minecraft:leave_game":1,"minecraft:time_since_death":2089,"minecraft:climb_one_cm":50225,"minecraft:sprint_one_cm":505141,"minecraft:walk_one_cm":654682,"minecraft:drop":81,"minecraft:play_time":274922,"minecraft:deaths":36,"minecraft:sneak_time":46253,"minecraft:walk_under_water_one_cm":33723,"minecraft:jump":3379,"minecraft:interact_with_blast_furnace":36,"minecraft:walk_on_water_one_cm":33111,"minecraft:total_world_time":275344,"minecraft:interact_with_furnace":1,"minecraft:sleep_in_bed":7,"minecraft:time_since_rest":2117,"minecraft:damage_taken":6973,"minecraft:damage_dealt":16957,"minecraft:swim_one_cm":62333,"minecraft:fly_one_cm":1156536,"minecraft:player_kills":6,"minecraft:open_chest":218,"minecraft:crouch_one_cm":140579,"minecraft:interact_with_smoker":8,"minecraft:fall_one_cm":90230},"minecraft:picked_up":{"last_of_us:noxioussack":35,"spore:mutated_heart":5,"minecraft:crafting_table":4,"minecraft:iron_chestplate":9,"minecraft:black_carpet":1,"minecraft:wheat":23,"minecraft:ladder":1,"minecraft:splash_potion":2,"minecraft:chainmail_boots":4,"minecraft:chicken":4,"minecraft:leather_leggings":6,"minecraft:wooden_pickaxe":10,"minecraft:enchanted_book":2,"minecraft:nether_brick":6,"spore:sickle_fragment":2,"spore:innards":1,"minecraft:raw_copper":74,"minecraft:polished_deepslate":3,"minecraft:cornflower":2,"minecraft:music_disc_cat":4,"minecraft:string":121,"minecraft:red_bed":1,"minecraft:smooth_stone_slab":6,"tacz:ammo":84,"minecraft:oak_sign":35,"minecraft:cobbled_deepslate":1,"minecraft:eye_armor_trim_smithing_template":1,"minecraft:redstone_torch":6,"minecraft:calcite":22,"minecraft:poppy":10,"minecraft:iron_pickaxe":3,"minecraft:furnace":2,"minecraft:iron_boots":4,"spore:tumor":5,"minecraft:stick":16,"minecraft:raw_iron":30,"last_of_us:rags":6,"spore:plated_muscle":3,"minecraft:oak_door":3,"minecraft:birch_trapdoor":1,"minecraft:copper_ingot":60,"minecraft:torch":26,"tacz:attachment":1,"minecraft:porkchop":1,"minecraft:polished_blackstone_bricks":1,"minecraft:diorite":31,"minecraft:carrot":4,"minecraft:redstone":199,"minecraft:deepslate_tile_stairs":2,"last_of_us:rock":10,"minecraft:stone_pressure_plate":2,"minecraft:dark_oak_planks":4,"minecraft:quartz_block":4,"minecraft:stone_sword":1,"minecraft:rotten_flesh":178,"minecraft:mangrove_roots":1,"minecraft:saddle":1,"minecraft:gold_ingot":4,"minecraft:polished_blackstone":7,"minecraft:brick_stairs":93,"spore:tendons":7,"minecraft:mutton":3,"minecraft:white_wool":5,"minecraft:cobblestone":319,"spore:altered_spleen":2,"minecraft:feather":8,"minecraft:andesite":11,"minecraft:leather":4,"minecraft:smoker":1,"minecraft:potato":16,"minecraft:flint":3,"minecraft:oak_log":60,"minecraft:chainmail_chestplate":4,"spore:living_boots":4,"horror_element_mod:villager_head":1,"minecraft:gunpowder":45,"sanitydim:garland":3,"spore:living_pants":4,"minecraft:lapis_lazuli":43,"minecraft:dirt":14,"minecraft:leather_boots":2,"minecraft:bone":4,"minecraft:stone_bricks":4,"spore:nerves":5,"minecraft:gray_terracotta":20,"minecraft:wheat_seeds":44,"minecraft:stone_pickaxe":9,"minecraft:iron_ingot":34,"minecraft:cobweb":386,"spore:mutated_fiber":159,"tacz:gun_smith_table":1,"minecraft:oak_planks":278,"minecraft:iron_sword":15,"minecraft:book":21,"minecraft:oak_slab":4,"spore:cerebrum":8,"spore:living_core":1,"minecraft:music_disc_13":2,"minecraft:daylight_detector":8,"spore:armor_fragment":29,"automobility:rear_attachment":2,"minecraft:dandelion":8,"minecraft:polished_blackstone_slab":1,"minecraft:white_bed":2,"minecraft:fermented_spider_eye":2,"last_of_us:noxioustree":46,"minecraft:dark_oak_log":10,"minecraft:spruce_door":1,"minecraft:leather_helmet":1,"spore:claw_fragment":30,"minecraft:diamond":2,"minecraft:stone_axe":2,"tacz:modern_kinetic_gun":12,"minecraft:chainmail_leggings":5,"minecraft:cracked_polished_blackstone_bricks":1,"minecraft:granite":43,"minecraft:golden_apple":2,"minecraft:bread":24,"minecraft:emerald":16,"spore:spine_fragment":14,"horror_element_mod:broken_light":2,"minecraft:oak_sapling":1,"minecraft:coal":110,"minecraft:wooden_axe":6},"minecraft:mined":{"minecraft:dark_oak_planks":4,"minecraft:light_blue_stained_glass_pane":2,"minecraft:stone_pressure_plate":2,"minecraft:white_bed":4,"minecraft:blue_stained_glass_pane":4,"minecraft:jungle_leaves":1,"minecraft:dark_oak_log":10,"minecraft:mangrove_roots":1,"minecraft:gray_stained_glass_pane":3,"minecraft:ladder":1,"minecraft:glow_lichen":1,"minecraft:granite":21,"horror_element_mod:light_on":2,"minecraft:cracked_polished_blackstone_bricks":3,"minecraft:white_stained_glass":3,"minecraft:spruce_leaves":3,"minecraft:polished_blackstone_bricks":1,"minecraft:furnace":1,"horror_element_mod:villager_head":1,"minecraft:iron_ore":20,"minecraft:andesite":10,"minecraft:black_carpet":1,"minecraft:polished_deepslate":3,"minecraft:vine":3,"minecraft:dirt_path":1,"minecraft:stone":185,"minecraft:redstone_wall_torch":2,"minecraft:gray_terracotta":6,"minecraft:glass_pane":2,"minecraft:quartz_block":4,"minecraft:red_bed":1,"minecraft:dandelion":8,"minecraft:crafting_table":2,"minecraft:torch":1,"minecraft:calcite":4,"minecraft:gray_stained_glass":12,"minecraft:white_stained_glass_pane":2,"last_of_us:noxioustree":1,"minecraft:copper_ore":22,"minecraft:glass":18,"minecraft:cobblestone":9,"last_of_us:noxioussack":22,"minecraft:oak_planks":8,"minecraft:diorite":9,"minecraft:polished_blackstone_slab":3,"minecraft:redstone_torch":1,"minecraft:wheat":5,"minecraft:birch_trapdoor":1,"minecraft:mangrove_leaves":1,"minecraft:grass":11,"minecraft:oak_log":46,"minecraft:coal_ore":40,"minecraft:dirt":3,"minecraft:cobweb":76,"minecraft:polished_blackstone":6,"minecraft:stone_bricks":2,"minecraft:oak_leaves":17,"minecraft:daylight_detector":6},"minecraft:dropped":{"minecraft:bread":5,"minecraft:daylight_detector":2,"minecraft:wheat_seeds":1,"minecraft:oak_log":64,"spore:combat_pickaxe":1,"last_of_us:noxioustree":9,"minecraft:leather":30,"minecraft:spruce_door":1,"minecraft:coal":28,"minecraft:leather_helmet":3,"minecraft:music_disc_13":1,"minecraft:cracked_polished_blackstone_bricks":1,"spore:living_boots":1,"minecraft:cobweb":64,"firstaid:bandage":16,"minecraft:cornflower":1,"tacz:modern_kinetic_gun":6,"minecraft:iron_pickaxe":2,"minecraft:cactus":10,"minecraft:string":4,"minecraft:stone_axe":1,"last_of_us:noxioussack":14,"spore:living_helmet":1,"minecraft:oak_planks":78,"minecraft:iron_boots":1,"minecraft:azure_bluet":1,"minecraft:chainmail_chestplate":1,"minecraft:filled_map":1,"minecraft:gray_terracotta":2,"minecraft:iron_chestplate":1,"minecraft:chainmail_boots":1,"minecraft:leather_boots":2,"minecraft:leather_leggings":1,"minecraft:stone_bricks":2,"minecraft:iron_bars":1,"minecraft:stone_pickaxe":2,"minecraft:quartz":2},"minecraft:killed":{"last_of_us:bloater":11,"spore:thorn":1,"last_of_us:runner":33,"minecraft:spider":2,"sanitydim:rotting_stalker":1,"sanitydim:sneaking_terror":1,"spore:inquisitor":1,"minecraft:horse":1,"spore:griefer":1,"spore:jagd":2,"last_of_us:clicker":13,"minecraft:pig":1,"spore:inf_player":9,"spore:inf_wanderer":2,"last_of_us:shambler":3,"spore:scamper":1,"spore:brute":1,"last_of_us:crawler":9,"minecraft:creeper":4,"last_of_us:stalker":15,"spore:inf_pillager":12,"spore:inf_villager":12,"minecraft:trader_llama":2,"spore:inf_human":14,"spore:howler":1,"spore:inf_husk":4},"minecraft:broken":{"minecraft:stone_sword":1,"minecraft:wooden_pickaxe":2,"minecraft:stone_pickaxe":1,"minecraft:wooden_axe":1,"last_of_us:rock":5},"minecraft:killed_by":{"minecraft:player":3,"last_of_us:runner":1,"last_of_us:clicker":7,"minecraft:witch":1,"last_of_us:bloater":8,"last_of_us:stalker":1},"minecraft:crafted":{"minecraft:oak_planks":128,"minecraft:barrel":1,"minecraft:iron_nugget":9,"minecraft:furnace":3,"automobility:auto_mechanic_table":1,"sanitydim:garland":1,"firstaid:plaster":2,"automobility:automobile_assembler":1,"spore:living_boots":3,"minecraft:stone_pickaxe":2,"minecraft:chest":1,"minecraft:dark_oak_planks":40,"spore:living_core":1,"minecraft:oak_slab":6,"minecraft:cooked_porkchop":1,"minecraft:crafting_table":2,"minecraft:iron_sword":1,"minecraft:copper_ingot":113,"minecraft:air":0,"spore:living_pants":1,"minecraft:white_wool":5,"minecraft:stick":16,"minecraft:iron_ingot":34,"spore:plated_muscle":13,"minecraft:stone_sword":1,"spore:living_helmet":1,"spore:nerves":8,"minecraft:torch":28}},"DataVersion":3465}