{"stats":{"minecraft:used":{"minecraft:polished_deepslate":4,"minecraft:dispenser":1,"minecraft:polished_blackstone":7,"minecraft:ladder":1,"minecraft:black_carpet":1,"minecraft:chest":8,"minecraft:iron_sword":208,"minecraft:rotten_flesh":3,"sanitydim:garland":3,"minecraft:snowball":2,"automobility:automobile_assembler":1,"minecraft:polished_blackstone_slab":1,"automobility:steep_slope":1,"minecraft:cyan_terracotta":4,"minecraft:quartz_block":4,"horror_element_mod:villager_head":1,"minecraft:stone_bricks":2,"minecraft:birch_trapdoor":1,"minecraft:mangrove_roots":1,"minecraft:furnace":1,"minecraft:potato":5,"minecraft:diorite":4,"minecraft:leather_leggings":1,"minecraft:stone_pickaxe":269,"minecraft:oak_planks":28,"minecraft:wooden_pickaxe":104,"last_of_us:noxioustree":1,"spore:tumor":5,"minecraft:redstone_torch":4,"minecraft:daylight_detector":3,"automobility:auto_mechanic_table":3,"minecraft:bread":4,"spore:living_pants":3,"minecraft:soul_lantern":1,"minecraft:chainmail_boots":1,"minecraft:andesite":11,"minecraft:smooth_stone_slab":6,"minecraft:cobweb":64,"minecraft:iron_bars":2,"minecraft:stone_sword":260,"tacz:gun_smith_table":1,"minecraft:torch":166,"minecraft:dirt":3,"minecraft:chainmail_chestplate":4,"minecraft:granite":20,"minecraft:wooden_axe":30,"minecraft:dark_oak_planks":40,"spore:living_helmet":1,"minecraft:iron_boots":1,"minecraft:barrel":1,"minecraft:deepslate_tile_stairs":2,"minecraft:stone_pressure_plate":2,"minecraft:observer":1,"minecraft:calcite":6,"minecraft:wheat_seeds":23,"horror_element_mod:broken_light":2,"minecraft:leather_boots":1,"minecraft:polished_blackstone_bricks":1,"minecraft:gilded_blackstone":4,"spore:living_boots":5,"automobility:slope":3,"minecraft:crafting_table":4,"minecraft:red_bed":1,"minecraft:white_bed":2,"minecraft:smoker":1,"minecraft:gray_terracotta":7,"minecraft:apple":1,"minecraft:cracked_polished_blackstone_bricks":1,"minecraft:leather_helmet":1,"minecraft:cobblestone":91,"minecraft:cooked_porkchop":1,"minecraft:chainmail_leggings":1},"minecraft:custom":{"minecraft:interact_with_crafting_table":36,"minecraft:open_barrel":67,"minecraft:leave_game":1,"minecraft:time_since_death":12884,"minecraft:sprint_one_cm":541465,"minecraft:drop":108,"minecraft:play_time":298922,"minecraft:deaths":38,"minecraft:jump":3731,"minecraft:walk_on_water_one_cm":33195,"minecraft:interact_with_furnace":5,"minecraft:sleep_in_bed":8,"minecraft:damage_dealt":16966,"minecraft:player_kills":6,"minecraft:crouch_one_cm":144346,"minecraft:interact_with_smoker":8,"minecraft:mob_kills":164,"minecraft:damage_dealt_resisted":80,"minecraft:climb_one_cm":61708,"minecraft:walk_one_cm":701384,"minecraft:sneak_time":47728,"minecraft:walk_under_water_one_cm":34038,"minecraft:interact_with_blast_furnace":43,"minecraft:total_world_time":299344,"minecraft:time_since_rest":12927,"minecraft:damage_taken":7548,"minecraft:swim_one_cm":62333,"minecraft:fly_one_cm":1244642,"minecraft:open_chest":259,"minecraft:fall_one_cm":96124},"minecraft:mined":{"minecraft:dark_oak_planks":4,"minecraft:stone_pressure_plate":2,"minecraft:white_bed":4,"minecraft:jungle_leaves":1,"minecraft:granite":21,"minecraft:cracked_polished_blackstone_bricks":3,"automobility:auto_mechanic_table":1,"minecraft:polished_blackstone_bricks":1,"horror_element_mod:villager_head":1,"automobility:automobile_assembler":1,"minecraft:iron_ore":20,"minecraft:black_carpet":1,"minecraft:dirt_path":1,"minecraft:gray_terracotta":6,"minecraft:quartz_block":4,"minecraft:cyan_terracotta":5,"minecraft:red_bed":1,"minecraft:torch":1,"minecraft:calcite":4,"minecraft:white_stained_glass_pane":2,"last_of_us:noxioustree":1,"minecraft:glass":18,"last_of_us:noxioussack":26,"minecraft:cobblestone":9,"minecraft:oak_planks":8,"minecraft:wheat":5,"minecraft:birch_trapdoor":1,"minecraft:grass":11,"minecraft:oak_log":46,"minecraft:dirt":3,"minecraft:oak_leaves":18,"minecraft:daylight_detector":6,"minecraft:light_blue_stained_glass_pane":2,"minecraft:blue_stained_glass_pane":7,"minecraft:dark_oak_log":10,"minecraft:mangrove_roots":1,"minecraft:gray_stained_glass_pane":3,"minecraft:glow_lichen":1,"minecraft:ladder":1,"horror_element_mod:light_on":2,"minecraft:white_stained_glass":3,"minecraft:spruce_leaves":3,"minecraft:furnace":1,"minecraft:andesite":10,"minecraft:polished_deepslate":3,"minecraft:vine":3,"minecraft:stone":185,"minecraft:redstone_wall_torch":2,"minecraft:glass_pane":2,"minecraft:dandelion":8,"minecraft:crafting_table":2,"minecraft:gray_stained_glass":12,"minecraft:copper_ore":22,"minecraft:diorite":9,"minecraft:polished_blackstone_slab":3,"minecraft:redstone_torch":1,"minecraft:mangrove_leaves":1,"minecraft:coal_ore":40,"minecraft:cobweb":76,"minecraft:polished_blackstone":6,"minecraft:stone_bricks":2},"minecraft:picked_up":{"last_of_us:noxioussack":37,"minecraft:iron_chestplate":10,"spore:mutated_heart":5,"minecraft:wheat":23,"minecraft:black_carpet":1,"minecraft:chainmail_boots":4,"minecraft:enchanted_book":2,"minecraft:nether_brick":6,"minecraft:polished_deepslate":3,"minecraft:music_disc_cat":5,"minecraft:string":121,"spore:innards":1,"minecraft:raw_copper":74,"minecraft:smooth_stone_slab":6,"minecraft:iron_leggings":1,"minecraft:oak_sign":35,"minecraft:cobbled_deepslate":1,"minecraft:eye_armor_trim_smithing_template":2,"minecraft:redstone_torch":6,"minecraft:calcite":22,"minecraft:iron_pickaxe":4,"minecraft:iron_boots":5,"minecraft:furnace":3,"minecraft:stick":16,"spore:plated_muscle":3,"minecraft:birch_trapdoor":1,"minecraft:torch":77,"minecraft:porkchop":1,"tacz:attachment":3,"minecraft:diorite":31,"minecraft:deepslate_tile_stairs":2,"minecraft:quartz_block":4,"minecraft:stone_sword":1,"minecraft:rotten_flesh":179,"minecraft:cyan_terracotta":13,"minecraft:mangrove_roots":1,"minecraft:cobblestone":607,"minecraft:feather":8,"minecraft:andesite":11,"minecraft:smoker":1,"minecraft:potato":16,"minecraft:flint":3,"spore:living_boots":5,"horror_element_mod:villager_head":1,"minecraft:lapis_lazuli":63,"spore:living_pants":6,"minecraft:dirt":14,"minecraft:name_tag":6,"minecraft:leather_boots":2,"minecraft:bone":18,"minecraft:gray_terracotta":51,"spore:nerves":5,"minecraft:wheat_seeds":44,"minecraft:glowstone_dust":2,"tacz:gun_smith_table":1,"minecraft:oak_planks":341,"spore:cerebrum":8,"minecraft:music_disc_13":2,"spore:armor_fragment":71,"automobility:rear_attachment":2,"minecraft:polished_blackstone_slab":1,"minecraft:fermented_spider_eye":2,"minecraft:dark_oak_log":10,"last_of_us:noxioustree":47,"spore:claw_fragment":30,"minecraft:diamond":6,"minecraft:cracked_polished_blackstone_bricks":7,"minecraft:granite":43,"minecraft:golden_apple":2,"minecraft:emerald":42,"minecraft:bread":24,"spore:spine_fragment":14,"minecraft:oak_sapling":1,"minecraft:crafting_table":4,"minecraft:splash_potion":2,"minecraft:chicken":4,"minecraft:ladder":2,"minecraft:leather_leggings":6,"minecraft:wooden_pickaxe":11,"minecraft:shield":1,"spore:sickle_fragment":2,"minecraft:cornflower":2,"minecraft:red_bed":1,"minecraft:iron_axe":1,"tacz:ammo":430,"minecraft:music_disc_otherside":1,"minecraft:iron_nugget":12,"minecraft:poppy":10,"minecraft:raw_iron":30,"spore:tumor":5,"last_of_us:rags":6,"minecraft:oak_door":3,"minecraft:copper_ingot":172,"automobility:automobile_assembler":3,"minecraft:polished_blackstone_bricks":1,"minecraft:carrot":4,"minecraft:redstone":199,"last_of_us:rock":11,"minecraft:stone_pressure_plate":2,"minecraft:dark_oak_planks":4,"minecraft:saddle":2,"minecraft:gold_ingot":18,"minecraft:polished_blackstone":7,"minecraft:brick_stairs":93,"spore:tendons":10,"minecraft:mutton":3,"minecraft:white_wool":9,"spore:altered_spleen":2,"minecraft:leather":4,"minecraft:oak_log":129,"minecraft:chainmail_chestplate":4,"minecraft:gunpowder":62,"sanitydim:garland":3,"minecraft:apple":3,"minecraft:stone_bricks":4,"automobility:auto_mechanic_table":3,"minecraft:iron_ingot":40,"minecraft:stone_pickaxe":9,"minecraft:cobweb":386,"spore:mutated_fiber":159,"minecraft:iron_sword":15,"minecraft:book":84,"minecraft:oak_slab":4,"spore:living_core":1,"minecraft:daylight_detector":8,"minecraft:dandelion":8,"minecraft:white_bed":2,"minecraft:spruce_door":1,"minecraft:leather_helmet":1,"minecraft:stone_axe":2,"tacz:modern_kinetic_gun":15,"minecraft:iron_helmet":1,"minecraft:chainmail_leggings":5,"horror_element_mod:broken_light":2,"minecraft:coal":153,"minecraft:wooden_axe":6},"minecraft:dropped":{"minecraft:daylight_detector":2,"minecraft:lapis_lazuli":10,"minecraft:oak_log":64,"minecraft:diamond":4,"spore:combat_pickaxe":1,"last_of_us:noxioustree":10,"minecraft:leather":30,"minecraft:leather_helmet":3,"minecraft:emerald":26,"minecraft:music_disc_13":1,"minecraft:cracked_polished_blackstone_bricks":1,"firstaid:bandage":16,"minecraft:cornflower":1,"minecraft:iron_pickaxe":3,"minecraft:gold_ingot":14,"minecraft:bone":3,"last_of_us:noxioussack":15,"minecraft:stone_axe":1,"minecraft:music_disc_otherside":1,"minecraft:oak_planks":78,"minecraft:azure_bluet":1,"minecraft:eye_armor_trim_smithing_template":1,"minecraft:chainmail_chestplate":1,"minecraft:gunpowder":1,"minecraft:leather_boots":2,"minecraft:chainmail_boots":1,"minecraft:leather_leggings":1,"minecraft:iron_bars":1,"minecraft:quartz":2,"spore:armor_fragment":14,"tacz:attachment":1,"minecraft:iron_ingot":6,"minecraft:bread":5,"minecraft:wheat_seeds":1,"minecraft:iron_helmet":1,"minecraft:cobblestone":112,"minecraft:book":63,"minecraft:spruce_door":1,"minecraft:coal":70,"minecraft:cobweb":64,"spore:living_boots":1,"minecraft:iron_leggings":1,"tacz:modern_kinetic_gun":7,"minecraft:iron_axe":1,"minecraft:cactus":10,"minecraft:string":12,"minecraft:music_disc_cat":1,"spore:living_helmet":1,"minecraft:iron_boots":2,"minecraft:filled_map":1,"minecraft:gray_terracotta":2,"minecraft:shield":1,"minecraft:iron_chestplate":2,"minecraft:stone_bricks":2,"minecraft:stone_pickaxe":2},"minecraft:killed":{"last_of_us:bloater":12,"minecraft:spider":2,"sanitydim:sneaking_terror":1,"last_of_us:clicker":14,"minecraft:pig":1,"spore:inf_player":9,"spore:inf_wanderer":2,"spore:scamper":1,"last_of_us:crawler":9,"minecraft:creeper":4,"last_of_us:stalker":15,"spore:inf_villager":12,"minecraft:trader_llama":2,"spore:inf_human":14,"spore:howler":1,"spore:thorn":1,"last_of_us:runner":34,"sanitydim:rotting_stalker":1,"spore:inquisitor":1,"minecraft:horse":1,"spore:griefer":1,"spore:jagd":2,"last_of_us:shambler":4,"spore:brute":1,"spore:inf_pillager":12,"spore:inf_husk":4,"spore:slasher":1},"minecraft:killed_by":{"last_of_us:runner":1,"minecraft:witch":1,"last_of_us:stalker":1,"minecraft:player":3,"last_of_us:clicker":7,"last_of_us:bloater":8},"minecraft:broken":{"minecraft:stone_pickaxe":1,"minecraft:wooden_axe":1,"last_of_us:rock":6,"minecraft:stone_sword":1,"minecraft:wooden_pickaxe":2},"minecraft:crafted":{"minecraft:oak_planks":128,"minecraft:barrel":1,"automobility:auto_mechanic_table":1,"spore:living_boots":3,"minecraft:chest":1,"minecraft:oak_slab":6,"minecraft:cooked_porkchop":1,"minecraft:crafting_table":2,"minecraft:copper_ingot":125,"minecraft:stick":16,"minecraft:iron_ingot":34,"spore:plated_muscle":13,"minecraft:stone_sword":1,"spore:living_helmet":1,"minecraft:iron_nugget":9,"minecraft:furnace":3,"sanitydim:garland":1,"firstaid:plaster":2,"automobility:automobile_assembler":1,"minecraft:stone_pickaxe":2,"minecraft:dark_oak_planks":40,"spore:living_core":1,"minecraft:iron_sword":1,"minecraft:air":0,"spore:living_pants":1,"minecraft:white_wool":5,"spore:nerves":8,"minecraft:torch":28}},"DataVersion":3465}