{"stats":{"minecraft:custom":{"minecraft:interact_with_furnace":2,"minecraft:mob_kills":1,"minecraft:interact_with_crafting_table":14,"minecraft:open_barrel":35,"minecraft:leave_game":11,"minecraft:time_since_death":6491,"minecraft:sleep_in_bed":14,"minecraft:climb_one_cm":34897,"minecraft:time_since_rest":0,"minecraft:sprint_one_cm":145325,"minecraft:damage_taken":6922,"minecraft:walk_one_cm":202632,"minecraft:drop":15,"minecraft:damage_dealt":1137,"minecraft:swim_one_cm":42455,"minecraft:fly_one_cm":192935,"minecraft:player_kills":1,"minecraft:open_chest":9,"minecraft:crouch_one_cm":26474,"minecraft:play_time":76850,"minecraft:deaths":44,"minecraft:sneak_time":8345,"minecraft:walk_under_water_one_cm":8213,"minecraft:jump":1334,"minecraft:walk_on_water_one_cm":15811,"minecraft:total_world_time":76850,"minecraft:interact_with_smoker":2,"minecraft:fall_one_cm":33841},"minecraft:used":{"minecraft:calcite":3,"minecraft:leather_leggings":2,"minecraft:red_sand":12,"minecraft:stone_sword":8,"minecraft:oak_planks":22,"minecraft:wooden_pickaxe":8,"minecraft:rotten_flesh":3,"minecraft:iron_chestplate":1,"minecraft:dirt":5,"minecraft:crafting_table":1,"minecraft:red_bed":4,"minecraft:white_bed":3,"minecraft:chainmail_chestplate":2,"minecraft:light_gray_terracotta":4,"minecraft:wooden_axe":2,"minecraft:bread":1,"minecraft:oak_button":1,"minecraft:leather_helmet":3,"minecraft:wooden_sword":95,"minecraft:chainmail_boots":3,"minecraft:cobweb":109,"minecraft:chainmail_leggings":1},"minecraft:dropped":{"minecraft:bread":2,"minecraft:leather_helmet":2,"minecraft:chainmail_chestplate":1,"minecraft:stick":1,"minecraft:cobweb":73,"minecraft:iron_chestplate":1,"minecraft:leather_boots":2,"minecraft:oak_sapling":1,"minecraft:leather_leggings":1,"minecraft:wooden_sword":1,"minecraft:chainmail_leggings":1},"minecraft:killed_by":{"last_of_us:runner":11,"spore:inf_player":2,"minecraft:player":2,"last_of_us:clicker":11,"spore:busser":4,"last_of_us:bloater":1,"last_of_us:stalker":4},"minecraft:picked_up":{"last_of_us:noxioussack":3,"minecraft:wheat":1,"spore:mutated_heart":3,"minecraft:iron_chestplate":1,"minecraft:crafting_table":5,"minecraft:chainmail_boots":1,"minecraft:ladder":2,"minecraft:leather_leggings":1,"minecraft:wooden_pickaxe":8,"minecraft:oak_log":13,"minecraft:chainmail_chestplate":2,"minecraft:gunpowder":9,"minecraft:dirt":10,"minecraft:string":149,"minecraft:red_bed":5,"minecraft:raw_copper":190,"minecraft:wooden_sword":2,"minecraft:red_sand":14,"minecraft:stone_pickaxe":1,"minecraft:cobweb":87,"minecraft:calcite":3,"minecraft:rabbit":2,"minecraft:oak_planks":105,"minecraft:stick":36,"minecraft:ink_sac":10,"minecraft:white_bed":1,"minecraft:redstone":8,"minecraft:barrel":1,"minecraft:leather_helmet":1,"minecraft:light_gray_terracotta":8,"minecraft:stone_sword":3,"minecraft:rotten_flesh":19,"minecraft:chainmail_leggings":1,"minecraft:granite":2,"minecraft:golden_apple":1,"minecraft:saddle":4,"minecraft:bread":4,"minecraft:emerald":3,"minecraft:oak_sapling":1,"minecraft:cobblestone":9,"minecraft:white_wool":8},"minecraft:mined":{"minecraft:white_bed":1,"minecraft:glass_pane":2,"minecraft:blue_stained_glass_pane":2,"minecraft:red_bed":4,"minecraft:jungle_leaves":3,"minecraft:blue_stained_glass":4,"minecraft:gray_stained_glass_pane":4,"minecraft:crafting_table":2,"minecraft:red_sand":12,"minecraft:grass_block":2,"minecraft:calcite":4,"minecraft:white_stained_glass_pane":5,"minecraft:dead_bush":10,"minecraft:glass":1,"last_of_us:noxioussack":2,"minecraft:spruce_leaves":3,"minecraft:oak_planks":4,"minecraft:oak_log":13,"minecraft:vine":3,"minecraft:dirt":7,"minecraft:cobweb":91,"horror_element_mod:sliced_body":1,"minecraft:oak_leaves":13},"minecraft:crafted":{"minecraft:wooden_sword":4,"minecraft:oak_planks":52,"minecraft:crafting_table":1,"firstaid:plaster":2,"minecraft:white_wool":18,"minecraft:stick":4,"minecraft:wooden_axe":1,"minecraft:white_bed":2,"minecraft:oak_button":1},"minecraft:broken":{"minecraft:wooden_sword":3}},"DataVersion":3465}