{"stats":{"minecraft:dropped":{"minecraft:gravel":6,"minecraft:bread":1,"minecraft:iron_sword":1,"minecraft:cobblestone":6,"minecraft:diamond_hoe":1,"minecraft:chicken":3,"minecraft:feather":5,"minecraft:rotten_flesh":14,"minecraft:oak_planks":5,"minecraft:leather":1,"minecraft:granite":21,"minecraft:cracked_stone_bricks":7,"minecraft:stone_stairs":2,"minecraft:saddle":1,"minecraft:acacia_log":9,"minecraft:coal":3,"minecraft:stick":7,"minecraft:dirt":4,"minecraft:diorite":9,"minecraft:torch":2,"minecraft:mossy_stone_bricks":1,"minecraft:oak_sapling":7,"minecraft:acacia_sapling":1,"minecraft:stone_bricks":13,"minecraft:stone_pickaxe":1,"minecraft:string":1,"minecraft:acacia_planks":6,"minecraft:bone":1,"minecraft:redstone":1},"minecraft:broken":{"minecraft:iron_pickaxe":1},"minecraft:killed":{"last_of_us:runner":1,"minecraft:creeper":1,"spore:inf_human":1,"last_of_us:clicker":1},"minecraft:custom":{"minecraft:interact_with_furnace":13,"minecraft:mob_kills":4,"minecraft:open_barrel":2,"minecraft:interact_with_crafting_table":9,"minecraft:pot_flower":1,"minecraft:time_since_death":17027,"minecraft:climb_one_cm":39856,"minecraft:time_since_rest":17051,"minecraft:sprint_one_cm":256051,"minecraft:damage_taken":4938,"minecraft:walk_one_cm":224843,"minecraft:drop":134,"minecraft:damage_dealt":724,"minecraft:swim_one_cm":2952,"minecraft:fly_one_cm":334878,"minecraft:player_kills":1,"minecraft:open_chest":75,"minecraft:crouch_one_cm":7485,"minecraft:play_time":88419,"minecraft:deaths":23,"minecraft:sneak_time":3376,"minecraft:walk_under_water_one_cm":10750,"minecraft:jump":1556,"minecraft:interact_with_blast_furnace":16,"minecraft:walk_on_water_one_cm":6168,"minecraft:total_world_time":88419,"minecraft:fall_one_cm":66173},"minecraft:mined":{"minecraft:gray_terracotta":25,"minecraft:acacia_leaves":12,"minecraft:glass_pane":2,"minecraft:quartz_block":9,"horror_element_mod:beheaded_body":1,"minecraft:jungle_leaves":10,"minecraft:potted_cactus":1,"minecraft:granite":22,"minecraft:brewing_stand":1,"minecraft:light_gray_terracotta":1,"minecraft:crafting_table":1,"minecraft:acacia_log":17,"minecraft:cobblestone":1,"minecraft:copper_ore":10,"minecraft:glass":1,"minecraft:tall_grass":1,"minecraft:spruce_leaves":10,"minecraft:diorite":9,"minecraft:light_blue_stained_glass":47,"minecraft:stone_stairs":2,"minecraft:iron_ore":8,"minecraft:anvil":1,"minecraft:enchanting_table":1,"minecraft:smooth_stone_slab":3,"minecraft:grass":11,"minecraft:deepslate_iron_ore":3,"minecraft:coal_ore":9,"minecraft:vine":6,"minecraft:iron_bars":6,"minecraft:gravel":6,"minecraft:cobweb":7,"minecraft:acacia_planks":1,"minecraft:cracked_stone_bricks":13,"minecraft:stone_bricks":26,"minecraft:stone":168,"minecraft:mossy_stone_bricks":1,"minecraft:oak_leaves":24},"minecraft:used":{"minecraft:stone_pickaxe":83,"minecraft:chest":5,"minecraft:cracked_stone_bricks":4,"minecraft:torch":4,"minecraft:brewing_stand":1,"minecraft:anvil":1,"minecraft:crafting_table":2,"minecraft:light_gray_terracotta":1,"minecraft:gray_terracotta":23,"minecraft:flower_pot":1,"minecraft:bread":4,"minecraft:iron_pickaxe":278,"minecraft:stone_bricks":14,"minecraft:diamond_sword":45,"minecraft:cobblestone":5,"minecraft:furnace":5,"minecraft:egg":3,"minecraft:acacia_planks":63},"minecraft:killed_by":{"last_of_us:runner":7,"last_of_us:clicker":3,"minecraft:creeper":1,"last_of_us:bloater":1,"last_of_us:stalker":3},"minecraft:crafted":{"minecraft:crafting_table":1,"minecraft:copper_ingot":13,"minecraft:air":0,"minecraft:iron_ingot":17,"minecraft:iron_pickaxe":1,"minecraft:stick":8,"minecraft:stone_pickaxe":1,"minecraft:iron_block":1,"minecraft:chest":5,"minecraft:acacia_planks":16},"minecraft:picked_up":{"minecraft:enchanting_table":1,"minecraft:flower_pot":1,"spore:mutated_heart":1,"minecraft:crafting_table":3,"minecraft:feather":11,"minecraft:chicken":6,"minecraft:ladder":1,"minecraft:anvil":1,"minecraft:leather":1,"minecraft:diamond_sword":4,"minecraft:chainmail_chestplate":2,"minecraft:brewing_stand":1,"minecraft:raw_copper":42,"minecraft:gunpowder":62,"minecraft:music_disc_cat":2,"minecraft:string":51,"minecraft:dirt":4,"minecraft:stone_stairs":2,"minecraft:smooth_stone_slab":3,"minecraft:name_tag":9,"tacz:ammo":360,"minecraft:bone":8,"minecraft:acacia_planks":233,"minecraft:stone_bricks":33,"minecraft:gray_terracotta":23,"minecraft:cracked_stone_bricks":13,"minecraft:iron_ingot":15,"minecraft:stone_pickaxe":1,"minecraft:mossy_stone_bricks":1,"minecraft:iron_pickaxe":1,"minecraft:oak_planks":5,"minecraft:acacia_sapling":1,"minecraft:diamond_hoe":1,"minecraft:egg":7,"minecraft:furnace":10,"minecraft:raw_iron":11,"minecraft:stick":17,"last_of_us:rags":7,"minecraft:music_disc_13":3,"minecraft:torch":6,"minecraft:acacia_log":29,"minecraft:gravel":6,"minecraft:diorite":9,"minecraft:redstone":4,"minecraft:leather_helmet":1,"minecraft:cactus":1,"minecraft:quartz_block":9,"minecraft:light_gray_terracotta":1,"minecraft:rotten_flesh":29,"tacz:modern_kinetic_gun":1,"minecraft:iron_helmet":1,"minecraft:granite":21,"minecraft:emerald":4,"minecraft:saddle":1,"minecraft:gold_ingot":24,"minecraft:bread":9,"minecraft:oak_sapling":7,"minecraft:iron_bars":6,"minecraft:coal":10,"minecraft:cobblestone":286}},"DataVersion":3465}