{"stats":{"minecraft:used":{"minecraft:polished_deepslate":5,"minecraft:iron_sword":79,"minecraft:iron_chestplate":5,"sanitydim:garland":1,"minecraft:stone_bricks":2,"minecraft:mangrove_roots":2,"minecraft:diorite":8,"minecraft:stone_pickaxe":428,"minecraft:oak_planks":12,"minecraft:wooden_pickaxe":22,"minecraft:blast_furnace":3,"minecraft:redstone_torch":2,"minecraft:bread":7,"spore:living_pants":1,"minecraft:wooden_sword":16,"minecraft:chainmail_boots":1,"minecraft:andesite":5,"minecraft:oak_fence":3,"minecraft:iron_bars":1,"minecraft:stone_sword":13,"tacz:gun_smith_table":1,"minecraft:torch":30,"minecraft:dirt":11,"minecraft:anvil":1,"minecraft:chainmail_chestplate":2,"minecraft:granite":8,"minecraft:wooden_axe":30,"minecraft:dark_oak_planks":2,"minecraft:iron_boots":1,"minecraft:barrel":1,"spore:living_boots":2,"minecraft:crafting_table":5,"minecraft:red_bed":1,"minecraft:white_bed":4,"minecraft:smoker":2,"minecraft:gray_terracotta":26,"minecraft:iron_pickaxe":138,"minecraft:leather_helmet":1,"minecraft:stone_axe":19,"minecraft:cobblestone":103,"minecraft:black_candle":7,"minecraft:yellow_bed":2,"minecraft:chainmail_leggings":3},"minecraft:custom":{"minecraft:interact_with_crafting_table":33,"minecraft:open_barrel":62,"minecraft:bell_ring":14,"minecraft:leave_game":1,"minecraft:time_since_death":9124,"minecraft:sprint_one_cm":466340,"minecraft:drop":226,"minecraft:talked_to_villager":2,"minecraft:play_time":214421,"minecraft:deaths":54,"minecraft:jump":2448,"minecraft:walk_on_water_one_cm":10379,"minecraft:interact_with_furnace":7,"minecraft:sleep_in_bed":13,"minecraft:damage_dealt":884,"minecraft:player_kills":2,"minecraft:crouch_one_cm":24545,"minecraft:interact_with_smoker":29,"minecraft:mob_kills":39,"minecraft:interact_with_anvil":2,"minecraft:damage_dealt_resisted":30,"minecraft:climb_one_cm":61943,"minecraft:walk_one_cm":655858,"minecraft:sneak_time":9672,"minecraft:walk_under_water_one_cm":8716,"minecraft:interact_with_blast_furnace":30,"minecraft:total_world_time":214421,"minecraft:time_since_rest":9147,"minecraft:damage_taken":12200,"minecraft:swim_one_cm":25806,"minecraft:fly_one_cm":341912,"minecraft:open_chest":172,"minecraft:fall_one_cm":135696},"minecraft:mined":{"minecraft:white_bed":5,"minecraft:black_terracotta":1,"minecraft:sculk_vein":9,"minecraft:jungle_leaves":1,"minecraft:brewing_stand":2,"minecraft:granite":2,"minecraft:grass_block":3,"minecraft:cracked_polished_blackstone_bricks":3,"minecraft:deepslate_tile_stairs":2,"minecraft:oak_wall_sign":5,"horror_element_mod:rotten_body":1,"minecraft:polished_blackstone_bricks":5,"minecraft:sculk_catalyst":4,"minecraft:iron_ore":28,"minecraft:barrel":1,"minecraft:black_carpet":1,"minecraft:anvil":2,"minecraft:azure_bluet":1,"minecraft:sculk_shrieker":1,"minecraft:iron_bars":3,"minecraft:black_candle":1,"horror_element_mod:sliced_body":1,"minecraft:gray_terracotta":71,"minecraft:quartz_block":8,"minecraft:red_bed":1,"minecraft:smoker":3,"minecraft:blue_stained_glass":2,"minecraft:torch":1,"minecraft:blast_furnace":2,"minecraft:calcite":2,"minecraft:white_stained_glass_pane":2,"minecraft:glass":15,"last_of_us:noxioussack":11,"minecraft:cobblestone":14,"minecraft:bricks":1,"minecraft:oak_planks":27,"minecraft:wall_torch":1,"minecraft:wheat":7,"horror_element_mod:spiked_villager":1,"minecraft:smooth_stone_slab":3,"minecraft:grass":11,"minecraft:oak_log":3,"minecraft:dirt":38,"horror_element_mod:colonial_marine_body":1,"minecraft:oak_leaves":13,"minecraft:deepslate_tiles":2,"minecraft:blue_stained_glass_pane":6,"minecraft:dark_oak_log":7,"minecraft:mangrove_roots":2,"minecraft:gray_stained_glass_pane":2,"minecraft:glow_lichen":16,"minecraft:brick_stairs":31,"minecraft:spruce_leaves":1,"minecraft:hay_block":3,"minecraft:carrots":5,"minecraft:andesite":32,"minecraft:polished_deepslate":6,"minecraft:bookshelf":24,"minecraft:potatoes":3,"minecraft:vine":6,"minecraft:stone":195,"minecraft:glass_pane":14,"minecraft:dandelion":8,"minecraft:oak_fence":3,"minecraft:crafting_table":3,"minecraft:cornflower":1,"minecraft:gray_stained_glass":5,"minecraft:copper_ore":20,"minecraft:lapis_ore":6,"minecraft:diorite":24,"minecraft:brick_slab":1,"minecraft:polished_blackstone_stairs":2,"minecraft:yellow_bed":2,"minecraft:coal_ore":52,"minecraft:cobweb":34,"minecraft:cracked_stone_bricks":2,"minecraft:polished_blackstone":11,"minecraft:stone_bricks":8,"minecraft:dark_oak_planks":2},"minecraft:picked_up":{"minecraft:wooden_axe":4,"last_of_us:noxioussack":11,"spore:mutated_heart":8,"minecraft:iron_chestplate":14,"minecraft:wheat":19,"minecraft:black_carpet":2,"minecraft:chainmail_boots":12,"minecraft:anvil":2,"minecraft:lead":2,"minecraft:enchanted_book":4,"minecraft:nether_brick":3,"minecraft:brewing_stand":2,"minecraft:string":153,"minecraft:polished_deepslate":9,"minecraft:music_disc_cat":5,"spore:innards":1,"minecraft:raw_copper":93,"minecraft:smooth_stone_slab":6,"spore:corrosive_sack":1,"minecraft:oak_sign":10,"minecraft:deepslate_tiles":4,"minecraft:redstone_torch":5,"minecraft:calcite":6,"minecraft:iron_pickaxe":3,"minecraft:iron_boots":6,"minecraft:stick":30,"minecraft:polished_blackstone_stairs":2,"minecraft:oak_fence":3,"minecraft:torch":59,"minecraft:porkchop":2,"minecraft:diorite":32,"minecraft:quartz_block":10,"minecraft:stone_sword":2,"minecraft:cactus":10,"minecraft:rotten_flesh":242,"minecraft:mangrove_roots":2,"minecraft:iron_bars":3,"minecraft:cobblestone":551,"minecraft:enchanting_table":1,"minecraft:andesite":31,"minecraft:smoker":4,"minecraft:potato":42,"minecraft:flint":6,"spore:living_boots":2,"minecraft:lapis_lazuli":215,"minecraft:dirt":44,"minecraft:name_tag":3,"minecraft:leather_boots":3,"minecraft:bone":10,"minecraft:gray_terracotta":91,"spore:nerves":10,"minecraft:wheat_seeds":28,"minecraft:glowstone_dust":2,"minecraft:oak_planks":397,"firstaid:plaster":1,"spore:cerebrum":9,"minecraft:black_terracotta":1,"spore:armor_fragment":38,"minecraft:polished_blackstone_slab":1,"minecraft:fermented_spider_eye":3,"last_of_us:noxioustree":20,"minecraft:dark_oak_log":7,"minecraft:barrel":4,"spore:claw_fragment":101,"minecraft:diamond":6,"minecraft:cracked_polished_blackstone_bricks":4,"minecraft:crossbow":3,"minecraft:granite":26,"minecraft:golden_apple":1,"minecraft:bread":22,"minecraft:emerald":25,"spore:spine_fragment":22,"minecraft:oak_sapling":1,"minecraft:bricks":2,"minecraft:crafting_table":8,"minecraft:azure_bluet":1,"minecraft:splash_potion":5,"minecraft:nether_wart":15,"minecraft:ladder":2,"minecraft:leather_leggings":4,"minecraft:wooden_pickaxe":8,"minecraft:cornflower":1,"minecraft:red_bed":1,"minecraft:wooden_sword":1,"tacz:ammo":1081,"minecraft:cracked_stone_bricks":2,"minecraft:music_disc_otherside":1,"minecraft:beef":3,"minecraft:poppy":10,"minecraft:raw_iron":28,"spore:tumor":4,"last_of_us:rags":5,"minecraft:copper_ingot":22,"minecraft:polished_blackstone_bricks":5,"minecraft:carrot":9,"minecraft:redstone":32,"last_of_us:rock":2,"minecraft:dark_oak_planks":15,"minecraft:hay_block":3,"minecraft:saddle":6,"minecraft:gold_ingot":4,"minecraft:brick_stairs":95,"minecraft:polished_blackstone":9,"spore:tendons":10,"minecraft:mutton":8,"minecraft:oxeye_daisy":1,"spore:altered_spleen":1,"minecraft:leather":6,"minecraft:oak_log":3,"minecraft:chainmail_chestplate":3,"minecraft:yellow_bed":3,"minecraft:gunpowder":43,"sanitydim:garland":3,"minecraft:apple":3,"minecraft:stone_bricks":8,"minecraft:iron_ingot":37,"minecraft:stone_pickaxe":11,"minecraft:cobweb":128,"spore:mutated_fiber":97,"minecraft:iron_sword":13,"minecraft:book":177,"minecraft:black_candle":7,"spore:living_core":1,"minecraft:daylight_detector":3,"minecraft:quartz":2,"minecraft:dandelion":8,"minecraft:blast_furnace":5,"minecraft:white_bed":4,"minecraft:brick_slab":2,"minecraft:leather_helmet":7,"minecraft:stone_axe":1,"tacz:modern_kinetic_gun":14,"minecraft:chainmail_leggings":6,"minecraft:iron_helmet":1,"minecraft:coal":140},"minecraft:dropped":{"minecraft:iron_sword":1,"spore:spine_fragment":5,"minecraft:crossbow":1,"last_of_us:noxioustree":5,"minecraft:leather_helmet":3,"minecraft:music_disc_13":1,"minecraft:cracked_polished_blackstone_bricks":2,"spore:innards":1,"minecraft:polished_blackstone_slab":1,"last_of_us:noxioussack":7,"minecraft:wheat":4,"minecraft:oak_planks":29,"spore:corrosive_sack":1,"minecraft:carrot":4,"minecraft:poppy":4,"minecraft:leather_boots":1,"last_of_us:rags":2,"minecraft:chainmail_boots":1,"minecraft:iron_ingot":4,"minecraft:bread":4,"minecraft:polished_blackstone":5,"minecraft:cobblestone":67,"minecraft:granite":8,"minecraft:polished_blackstone_stairs":2,"minecraft:stick":2,"minecraft:cobweb":64,"spore:living_boots":1,"spore:tumor":2,"tacz:modern_kinetic_gun":1,"spore:mutated_heart":2,"minecraft:chainmail_leggings":1,"minecraft:string":2,"spore:claw_fragment":11,"minecraft:music_disc_cat":1,"spore:nerves":5,"minecraft:raw_copper":17,"minecraft:smooth_stone_slab":6,"minecraft:iron_boots":1,"spore:mutated_fiber":7,"minecraft:potato":19,"minecraft:iron_chestplate":1,"sanitydim:garland":1,"tacz:ammo":150,"minecraft:stone_pickaxe":1,"minecraft:wooden_pickaxe":5,"spore:living_pants":1},"minecraft:killed":{"last_of_us:bloater":1,"minecraft:spider":1,"last_of_us:clicker":6,"spore:inf_player":1,"minecraft:creeper":5,"last_of_us:stalker":2,"spore:inf_villager":5,"spore:inf_human":4,"spore:knight":1,"last_of_us:runner":2,"minecraft:horse":1,"spore:griefer":1,"last_of_us:shambler":1,"spore:inf_pillager":3,"spore:inf_witch":1,"spore:inf_husk":3,"spore:slasher":1},"minecraft:broken":{"sanitydim:garland":2,"minecraft:stone_pickaxe":4},"minecraft:killed_by":{"spore:inquisitor":4,"last_of_us:runner":6,"spore:inf_player":3,"spore:inf_villager":2,"last_of_us:stalker":1,"minecraft:player":7,"spore:busser":2,"last_of_us:clicker":3,"last_of_us:bloater":5,"spore:brot":1},"minecraft:crafted":{"minecraft:oak_planks":12,"minecraft:cooked_mutton":5,"minecraft:cooked_porkchop":2,"minecraft:crafting_table":2,"minecraft:wooden_pickaxe":2,"minecraft:copper_ingot":31,"minecraft:stick":44,"minecraft:iron_ingot":28,"minecraft:iron_pickaxe":1,"minecraft:iron_block":1,"minecraft:stone_sword":1,"minecraft:wooden_sword":1,"sanitydim:garland":1,"minecraft:stone_pickaxe":5,"minecraft:dark_oak_planks":28,"minecraft:wheat":27,"minecraft:cooked_beef":3,"minecraft:iron_sword":1,"tacz:gun_smith_table":1,"minecraft:stone_axe":1,"minecraft:bread":12,"minecraft:air":0,"minecraft:white_wool":9,"minecraft:wooden_axe":1,"firstaid:bandage":3,"minecraft:torch":44}},"DataVersion":3465}