{"stats":{"minecraft:used":{"minecraft:polished_deepslate":5,"tacz:gun_smith_table":1,"minecraft:iron_sword":78,"minecraft:iron_chestplate":4,"minecraft:torch":19,"minecraft:dirt":11,"sanitydim:garland":1,"minecraft:chainmail_chestplate":1,"minecraft:dark_oak_planks":2,"minecraft:wooden_axe":30,"minecraft:iron_boots":1,"minecraft:barrel":1,"minecraft:stone_bricks":2,"minecraft:mangrove_roots":2,"minecraft:diorite":8,"minecraft:stone_pickaxe":379,"minecraft:oak_planks":6,"minecraft:wooden_pickaxe":22,"minecraft:crafting_table":3,"minecraft:red_bed":1,"minecraft:blast_furnace":1,"minecraft:white_bed":1,"minecraft:smoker":1,"minecraft:redstone_torch":2,"minecraft:bread":5,"minecraft:wooden_sword":16,"minecraft:cobblestone":46,"minecraft:chainmail_boots":1,"minecraft:andesite":5,"minecraft:black_candle":7,"minecraft:yellow_bed":2,"minecraft:oak_fence":3,"minecraft:chainmail_leggings":3},"minecraft:custom":{"minecraft:mob_kills":25,"minecraft:interact_with_crafting_table":20,"minecraft:open_barrel":62,"minecraft:bell_ring":14,"minecraft:damage_dealt_resisted":30,"minecraft:leave_game":1,"minecraft:time_since_death":4695,"minecraft:climb_one_cm":3718,"minecraft:sprint_one_cm":197838,"minecraft:walk_one_cm":372363,"minecraft:drop":188,"minecraft:talked_to_villager":1,"minecraft:play_time":112421,"minecraft:deaths":25,"minecraft:sneak_time":6182,"minecraft:walk_under_water_one_cm":8344,"minecraft:jump":1445,"minecraft:interact_with_blast_furnace":18,"minecraft:walk_on_water_one_cm":9961,"minecraft:total_world_time":112421,"minecraft:interact_with_furnace":2,"minecraft:sleep_in_bed":7,"minecraft:time_since_rest":4724,"minecraft:damage_taken":5566,"minecraft:damage_dealt":868,"minecraft:swim_one_cm":25050,"minecraft:fly_one_cm":202772,"minecraft:player_kills":1,"minecraft:open_chest":23,"minecraft:crouch_one_cm":16195,"minecraft:interact_with_smoker":13,"minecraft:fall_one_cm":29119},"minecraft:mined":{"minecraft:white_bed":1,"minecraft:sculk_vein":9,"minecraft:dark_oak_log":7,"minecraft:mangrove_roots":2,"minecraft:glow_lichen":16,"minecraft:granite":2,"minecraft:grass_block":3,"minecraft:brick_stairs":31,"minecraft:deepslate_tile_stairs":2,"minecraft:oak_wall_sign":5,"minecraft:hay_block":3,"horror_element_mod:rotten_body":1,"minecraft:sculk_catalyst":4,"minecraft:carrots":5,"minecraft:iron_ore":28,"minecraft:barrel":1,"minecraft:andesite":32,"minecraft:black_carpet":1,"minecraft:azure_bluet":1,"minecraft:polished_deepslate":6,"minecraft:sculk_shrieker":1,"minecraft:bookshelf":7,"minecraft:potatoes":3,"minecraft:black_candle":1,"horror_element_mod:sliced_body":1,"minecraft:stone":168,"minecraft:red_bed":1,"minecraft:smoker":3,"minecraft:dandelion":8,"minecraft:oak_fence":3,"minecraft:cornflower":1,"minecraft:crafting_table":2,"minecraft:torch":1,"minecraft:blast_furnace":2,"minecraft:calcite":2,"minecraft:copper_ore":20,"minecraft:glass":2,"minecraft:cobblestone":12,"last_of_us:noxioussack":7,"minecraft:lapis_ore":6,"minecraft:oak_planks":10,"minecraft:bricks":1,"minecraft:diorite":24,"minecraft:wall_torch":1,"minecraft:brick_slab":1,"horror_element_mod:spiked_villager":1,"minecraft:wheat":7,"minecraft:yellow_bed":2,"minecraft:grass":11,"minecraft:oak_log":3,"minecraft:coal_ore":52,"minecraft:dirt":17,"minecraft:cobweb":20,"minecraft:stone_bricks":4,"horror_element_mod:colonial_marine_body":1,"minecraft:oak_leaves":1,"minecraft:dark_oak_planks":2},"minecraft:picked_up":{"minecraft:wooden_axe":4,"last_of_us:noxioussack":7,"minecraft:black_carpet":2,"minecraft:iron_chestplate":12,"minecraft:crafting_table":7,"spore:mutated_heart":8,"minecraft:wheat":11,"minecraft:azure_bluet":1,"minecraft:chainmail_boots":12,"minecraft:splash_potion":4,"minecraft:nether_wart":15,"minecraft:leather_leggings":4,"minecraft:wooden_pickaxe":8,"minecraft:enchanted_book":2,"minecraft:nether_brick":3,"minecraft:polished_deepslate":9,"minecraft:cornflower":1,"minecraft:music_disc_cat":4,"minecraft:string":71,"minecraft:red_bed":1,"minecraft:raw_copper":93,"minecraft:wooden_sword":1,"tacz:ammo":387,"spore:corrosive_sack":1,"minecraft:oak_sign":10,"minecraft:redstone_torch":4,"minecraft:calcite":6,"minecraft:poppy":10,"minecraft:iron_boots":6,"spore:tumor":4,"minecraft:stick":11,"minecraft:raw_iron":28,"last_of_us:rags":2,"minecraft:oak_fence":3,"minecraft:copper_ingot":1,"minecraft:torch":36,"minecraft:diorite":32,"minecraft:carrot":9,"minecraft:redstone":32,"minecraft:dark_oak_planks":15,"minecraft:quartz_block":2,"minecraft:stone_sword":1,"minecraft:rotten_flesh":226,"minecraft:hay_block":3,"minecraft:saddle":5,"minecraft:mangrove_roots":2,"minecraft:gold_ingot":4,"minecraft:brick_stairs":64,"spore:tendons":10,"minecraft:mutton":3,"minecraft:cobblestone":382,"minecraft:oxeye_daisy":1,"minecraft:andesite":31,"minecraft:leather":6,"minecraft:smoker":4,"minecraft:potato":42,"minecraft:oak_log":3,"minecraft:chainmail_chestplate":2,"minecraft:yellow_bed":3,"minecraft:gunpowder":8,"sanitydim:garland":3,"minecraft:lapis_lazuli":215,"minecraft:dirt":23,"minecraft:leather_boots":2,"minecraft:stone_bricks":4,"minecraft:wheat_seeds":18,"minecraft:stone_pickaxe":9,"minecraft:iron_ingot":22,"minecraft:cobweb":128,"spore:mutated_fiber":49,"minecraft:iron_sword":11,"minecraft:oak_planks":159,"minecraft:book":63,"spore:cerebrum":8,"minecraft:black_candle":7,"minecraft:daylight_detector":3,"spore:armor_fragment":36,"minecraft:quartz":2,"minecraft:dandelion":8,"minecraft:blast_furnace":5,"minecraft:white_bed":1,"minecraft:dark_oak_log":7,"last_of_us:noxioustree":13,"minecraft:barrel":1,"minecraft:leather_helmet":4,"minecraft:brick_slab":2,"spore:claw_fragment":83,"minecraft:diamond":3,"tacz:modern_kinetic_gun":10,"minecraft:chainmail_leggings":6,"minecraft:granite":26,"minecraft:crossbow":3,"minecraft:emerald":24,"minecraft:bread":10,"spore:spine_fragment":10,"minecraft:bricks":2,"minecraft:coal":104},"minecraft:dropped":{"minecraft:bread":4,"minecraft:iron_ingot":4,"minecraft:crossbow":1,"last_of_us:noxioustree":5,"minecraft:cobblestone":67,"minecraft:granite":8,"minecraft:leather_helmet":3,"minecraft:stick":2,"minecraft:cobweb":64,"spore:tumor":2,"spore:mutated_heart":2,"minecraft:chainmail_leggings":1,"minecraft:string":2,"spore:claw_fragment":11,"last_of_us:noxioussack":7,"minecraft:raw_copper":17,"minecraft:wheat":4,"minecraft:iron_boots":1,"spore:corrosive_sack":1,"spore:mutated_fiber":7,"minecraft:carrot":4,"minecraft:poppy":4,"minecraft:potato":19,"minecraft:iron_chestplate":1,"sanitydim:garland":1,"minecraft:chainmail_boots":1,"minecraft:leather_boots":1,"last_of_us:rags":2,"minecraft:wooden_pickaxe":5},"minecraft:killed":{"last_of_us:bloater":1,"minecraft:horse":1,"last_of_us:clicker":5,"spore:inf_player":1,"minecraft:creeper":1,"last_of_us:stalker":2,"spore:inf_pillager":2,"spore:inf_villager":5,"spore:inf_human":3,"spore:inf_husk":3,"spore:knight":1},"minecraft:broken":{"sanitydim:garland":2,"minecraft:stone_pickaxe":2},"minecraft:killed_by":{"minecraft:player":2,"spore:busser":2,"spore:inquisitor":4,"last_of_us:runner":1,"spore:inf_player":3,"last_of_us:clicker":3,"spore:inf_villager":2,"last_of_us:bloater":1,"spore:brot":1,"last_of_us:stalker":1},"minecraft:crafted":{"minecraft:wooden_sword":1,"minecraft:oak_planks":12,"sanitydim:garland":1,"minecraft:stone_pickaxe":3,"minecraft:dark_oak_planks":28,"minecraft:wheat":27,"minecraft:crafting_table":2,"minecraft:wooden_pickaxe":2,"tacz:gun_smith_table":1,"minecraft:copper_ingot":31,"minecraft:bread":12,"minecraft:air":0,"minecraft:white_wool":3,"minecraft:stick":20,"minecraft:iron_ingot":28,"minecraft:wooden_axe":1,"minecraft:iron_block":1,"firstaid:bandage":1,"minecraft:torch":24}},"DataVersion":3465}