{"stats":{"minecraft:custom":{"minecraft:mob_kills":4,"minecraft:interact_with_crafting_table":6,"minecraft:open_barrel":11,"minecraft:time_since_death":220,"minecraft:climb_one_cm":10232,"minecraft:time_since_rest":274,"minecraft:sprint_one_cm":67212,"minecraft:damage_taken":5080,"minecraft:walk_one_cm":113441,"minecraft:drop":151,"minecraft:damage_dealt":925,"minecraft:swim_one_cm":881,"minecraft:fly_one_cm":103537,"minecraft:player_kills":3,"minecraft:open_chest":3,"minecraft:crouch_one_cm":2,"minecraft:play_time":33965,"minecraft:deaths":35,"minecraft:sneak_time":199,"minecraft:walk_under_water_one_cm":2536,"minecraft:jump":680,"minecraft:interact_with_smoker":1,"minecraft:walk_on_water_one_cm":4245,"minecraft:total_world_time":33965,"minecraft:fall_one_cm":24812},"minecraft:used":{"minecraft:calcite":2,"minecraft:red_sand":3,"minecraft:stone_sword":12,"minecraft:stone_pickaxe":54,"minecraft:oak_planks":6,"minecraft:oak_sign":1,"minecraft:wooden_pickaxe":56,"minecraft:dirt":1,"minecraft:crafting_table":2,"minecraft:wooden_axe":9,"minecraft:stone_bricks":3,"minecraft:stone_axe":2,"minecraft:wooden_sword":18,"minecraft:cobblestone":5,"minecraft:orange_terracotta":1},"minecraft:dropped":{"minecraft:stone_sword":1,"minecraft:raw_copper":95,"minecraft:light_gray_terracotta":14,"minecraft:rotten_flesh":6,"minecraft:apple":1,"minecraft:granite":2,"minecraft:white_terracotta":10,"minecraft:stick":2,"minecraft:brick_stairs":1,"minecraft:wooden_sword":1,"minecraft:wooden_pickaxe":1,"spore:mutated_heart":3,"minecraft:string":13,"minecraft:terracotta":1},"minecraft:killed_by":{"last_of_us:runner":11,"minecraft:player":1,"last_of_us:clicker":6,"spore:busser":2,"last_of_us:bloater":1,"last_of_us:stalker":5},"minecraft:picked_up":{"minecraft:wooden_axe":1,"last_of_us:noxioussack":1,"spore:mutated_heart":5,"minecraft:crafting_table":1,"minecraft:wheat":1,"minecraft:flower_pot":1,"minecraft:wooden_pickaxe":6,"minecraft:oak_log":5,"minecraft:gunpowder":2,"minecraft:dirt":1,"minecraft:string":25,"minecraft:raw_copper":95,"minecraft:wooden_sword":3,"minecraft:orange_terracotta":1,"minecraft:apple":2,"minecraft:oak_sign":3,"minecraft:stone_bricks":3,"minecraft:red_sand":3,"minecraft:oak_fence_gate":3,"minecraft:calcite":2,"minecraft:oak_planks":20,"minecraft:stick":12,"last_of_us:rags":2,"minecraft:gravel":4,"minecraft:ink_sac":20,"minecraft:redstone":12,"last_of_us:rock":1,"last_of_us:noxioustree":2,"minecraft:spruce_door":3,"minecraft:light_gray_terracotta":14,"minecraft:cactus":1,"minecraft:rotten_flesh":28,"minecraft:stone_axe":3,"minecraft:granite":2,"minecraft:golden_apple":2,"minecraft:saddle":1,"minecraft:white_terracotta":10,"minecraft:terracotta":1,"minecraft:brick_stairs":1,"minecraft:coal":8,"minecraft:cobblestone":122},"minecraft:mined":{"horror_element_mod:dead_pig":2,"minecraft:orange_terracotta":1,"minecraft:blue_stained_glass":4,"minecraft:potted_cactus":1,"minecraft:gray_stained_glass_pane":8,"minecraft:crafting_table":1,"minecraft:light_gray_terracotta":14,"minecraft:granite":2,"minecraft:red_sand":3,"minecraft:calcite":1,"minecraft:white_stained_glass_pane":2,"minecraft:brick_stairs":1,"minecraft:dead_bush":6,"minecraft:copper_ore":26,"minecraft:oak_planks":8,"minecraft:oak_wall_sign":1,"minecraft:light_blue_stained_glass":2,"minecraft:white_terracotta":10,"minecraft:oak_log":4,"minecraft:coal_ore":2,"minecraft:gravel":1,"minecraft:dirt":1,"minecraft:cobweb":24,"minecraft:terracotta":1,"minecraft:stone_bricks":3,"minecraft:stone":40},"minecraft:crafted":{"minecraft:wooden_sword":2,"minecraft:oak_planks":20,"minecraft:crafting_table":1,"minecraft:wooden_pickaxe":1,"minecraft:stone_axe":1,"minecraft:stick":16,"minecraft:stone_pickaxe":1,"minecraft:stone_sword":2}},"DataVersion":3465}