{"stats":{"minecraft:used":{"minecraft:wooden_axe":8,"minecraft:dark_oak_planks":1,"minecraft:polished_deepslate":3,"minecraft:iron_sword":7,"minecraft:wooden_pickaxe":15,"minecraft:stone_bricks":2,"minecraft:wooden_sword":16,"minecraft:mangrove_roots":2},"minecraft:mined":{"horror_element_mod:rotten_body":1,"minecraft:sculk_catalyst":4,"minecraft:dandelion":3,"minecraft:azure_bluet":1,"minecraft:smoker":1,"minecraft:sculk_vein":9,"minecraft:dark_oak_log":7,"minecraft:mangrove_roots":2,"minecraft:yellow_bed":1,"minecraft:black_carpet":1,"minecraft:glow_lichen":16,"minecraft:polished_deepslate":6,"minecraft:grass":5,"minecraft:sculk_shrieker":1,"minecraft:blast_furnace":1,"minecraft:bookshelf":7,"horror_element_mod:sliced_body":1,"minecraft:glass":2,"last_of_us:noxioussack":1,"minecraft:deepslate_tile_stairs":2,"minecraft:stone_bricks":2,"horror_element_mod:colonial_marine_body":1},"minecraft:custom":{"minecraft:time_since_rest":3494,"minecraft:interact_with_furnace":2,"minecraft:sprint_one_cm":46983,"minecraft:damage_taken":230,"minecraft:walk_one_cm":61169,"minecraft:mob_kills":1,"minecraft:drop":1,"minecraft:damage_dealt":211,"minecraft:talked_to_villager":1,"minecraft:swim_one_cm":11792,"minecraft:interact_with_crafting_table":5,"minecraft:crouch_one_cm":1059,"minecraft:fly_one_cm":49760,"minecraft:open_barrel":1,"minecraft:open_chest":10,"minecraft:play_time":17105,"minecraft:deaths":1,"minecraft:sneak_time":165,"minecraft:walk_under_water_one_cm":1879,"minecraft:jump":242,"minecraft:interact_with_blast_furnace":1,"minecraft:time_since_death":3471,"minecraft:walk_on_water_one_cm":797,"minecraft:interact_with_smoker":1,"minecraft:climb_one_cm":3718,"minecraft:total_world_time":17105,"minecraft:fall_one_cm":6967},"minecraft:picked_up":{"minecraft:book":42,"minecraft:stick":1,"minecraft:black_carpet":2,"minecraft:azure_bluet":1,"minecraft:leather_leggings":1,"minecraft:leather":4,"minecraft:dandelion":3,"minecraft:wooden_pickaxe":1,"minecraft:smoker":2,"minecraft:enchanted_book":1,"minecraft:wooden_sword":1,"minecraft:dark_oak_planks":12,"minecraft:chainmail_chestplate":1,"minecraft:leather_helmet":1,"minecraft:blast_furnace":2,"minecraft:yellow_bed":2,"minecraft:polished_deepslate":9,"minecraft:dark_oak_log":7,"minecraft:string":4,"minecraft:quartz_block":2,"minecraft:leather_boots":1,"minecraft:rotten_flesh":18,"minecraft:stone_bricks":2,"minecraft:wheat_seeds":1,"minecraft:saddle":1,"minecraft:redstone_torch":2,"minecraft:mangrove_roots":2,"minecraft:gold_ingot":2,"minecraft:iron_sword":1,"minecraft:iron_boots":1,"minecraft:wooden_axe":1},"minecraft:dropped":{"minecraft:wooden_pickaxe":1},"minecraft:killed":{"minecraft:horse":1},"minecraft:killed_by":{"last_of_us:clicker":1},"minecraft:crafted":{"minecraft:wooden_sword":1,"minecraft:stick":8,"minecraft:wooden_pickaxe":2,"minecraft:wooden_axe":1,"minecraft:dark_oak_planks":28}},"DataVersion":3465}