{"stats":{"minecraft:used":{"minecraft:oak_fence":3,"minecraft:polished_deepslate":5,"tacz:gun_smith_table":1,"minecraft:iron_sword":75,"minecraft:iron_chestplate":1,"minecraft:torch":18,"minecraft:dirt":11,"sanitydim:garland":1,"minecraft:wooden_axe":30,"minecraft:dark_oak_planks":2,"minecraft:iron_boots":1,"minecraft:barrel":1,"minecraft:stone_bricks":2,"minecraft:mangrove_roots":2,"minecraft:diorite":8,"minecraft:stone_pickaxe":324,"minecraft:oak_planks":6,"minecraft:wooden_pickaxe":22,"minecraft:crafting_table":3,"minecraft:blast_furnace":1,"minecraft:smoker":1,"minecraft:redstone_torch":2,"minecraft:bread":3,"minecraft:wooden_sword":16,"minecraft:cobblestone":3,"minecraft:andesite":5,"minecraft:black_candle":7,"minecraft:yellow_bed":1,"minecraft:chainmail_leggings":1},"minecraft:custom":{"minecraft:mob_kills":5,"minecraft:interact_with_crafting_table":16,"minecraft:open_barrel":31,"minecraft:bell_ring":14,"minecraft:time_since_death":32477,"minecraft:climb_one_cm":3718,"minecraft:sprint_one_cm":123543,"minecraft:walk_one_cm":244662,"minecraft:drop":62,"minecraft:talked_to_villager":1,"minecraft:play_time":77105,"minecraft:deaths":8,"minecraft:sneak_time":4499,"minecraft:walk_under_water_one_cm":8344,"minecraft:jump":967,"minecraft:interact_with_blast_furnace":14,"minecraft:walk_on_water_one_cm":9467,"minecraft:total_world_time":77105,"minecraft:interact_with_furnace":2,"minecraft:sleep_in_bed":6,"minecraft:time_since_rest":9440,"minecraft:damage_taken":1928,"minecraft:damage_dealt":789,"minecraft:swim_one_cm":25050,"minecraft:fly_one_cm":118322,"minecraft:player_kills":1,"minecraft:open_chest":11,"minecraft:crouch_one_cm":13344,"minecraft:interact_with_smoker":10,"minecraft:fall_one_cm":18040},"minecraft:mined":{"minecraft:dark_oak_planks":2,"minecraft:sculk_vein":9,"minecraft:dark_oak_log":7,"minecraft:mangrove_roots":2,"minecraft:glow_lichen":16,"minecraft:grass_block":3,"minecraft:deepslate_tile_stairs":2,"minecraft:oak_wall_sign":5,"minecraft:hay_block":3,"horror_element_mod:rotten_body":1,"minecraft:sculk_catalyst":4,"minecraft:carrots":5,"minecraft:iron_ore":28,"minecraft:barrel":1,"minecraft:andesite":32,"minecraft:black_carpet":1,"minecraft:azure_bluet":1,"minecraft:polished_deepslate":6,"minecraft:sculk_shrieker":1,"minecraft:bookshelf":7,"minecraft:potatoes":3,"minecraft:black_candle":1,"horror_element_mod:sliced_body":1,"minecraft:stone":168,"minecraft:smoker":1,"minecraft:dandelion":8,"minecraft:oak_fence":3,"minecraft:crafting_table":2,"minecraft:cornflower":1,"minecraft:blast_furnace":1,"minecraft:cobblestone":3,"minecraft:copper_ore":20,"minecraft:glass":2,"last_of_us:noxioussack":5,"minecraft:lapis_ore":6,"minecraft:oak_planks":9,"minecraft:wall_torch":1,"minecraft:diorite":20,"minecraft:brick_slab":1,"minecraft:wheat":7,"horror_element_mod:spiked_villager":1,"minecraft:yellow_bed":1,"minecraft:grass":11,"minecraft:oak_log":3,"minecraft:coal_ore":52,"minecraft:dirt":17,"minecraft:cobweb":17,"minecraft:stone_bricks":2,"horror_element_mod:colonial_marine_body":1,"minecraft:oak_leaves":1},"minecraft:picked_up":{"minecraft:wooden_axe":4,"minecraft:black_carpet":2,"minecraft:iron_chestplate":6,"minecraft:crafting_table":5,"minecraft:wheat":5,"minecraft:azure_bluet":1,"minecraft:chainmail_boots":4,"minecraft:splash_potion":3,"minecraft:nether_wart":15,"minecraft:leather_leggings":4,"minecraft:wooden_pickaxe":8,"minecraft:enchanted_book":1,"minecraft:nether_brick":3,"minecraft:polished_deepslate":9,"minecraft:cornflower":1,"minecraft:music_disc_cat":3,"minecraft:string":51,"minecraft:raw_copper":76,"minecraft:wooden_sword":1,"tacz:ammo":180,"minecraft:oak_sign":10,"minecraft:redstone_torch":4,"minecraft:poppy":10,"minecraft:iron_boots":5,"minecraft:stick":3,"minecraft:raw_iron":28,"last_of_us:rags":2,"minecraft:oak_fence":3,"minecraft:torch":1,"minecraft:diorite":20,"minecraft:carrot":5,"minecraft:redstone":32,"minecraft:dark_oak_planks":14,"minecraft:quartz_block":2,"minecraft:stone_sword":1,"minecraft:rotten_flesh":174,"minecraft:hay_block":3,"minecraft:saddle":4,"minecraft:mangrove_roots":2,"minecraft:gold_ingot":4,"minecraft:mutton":2,"minecraft:cobblestone":201,"minecraft:oxeye_daisy":1,"minecraft:andesite":31,"minecraft:leather":6,"minecraft:smoker":2,"minecraft:potato":3,"minecraft:oak_log":3,"minecraft:chainmail_chestplate":1,"minecraft:yellow_bed":2,"minecraft:gunpowder":8,"sanitydim:garland":3,"minecraft:lapis_lazuli":43,"minecraft:dirt":23,"minecraft:leather_boots":2,"minecraft:stone_bricks":4,"minecraft:wheat_seeds":17,"minecraft:iron_ingot":16,"minecraft:cobweb":128,"spore:mutated_fiber":6,"minecraft:iron_sword":6,"minecraft:oak_planks":117,"minecraft:book":42,"minecraft:black_candle":7,"minecraft:daylight_detector":3,"minecraft:quartz":2,"minecraft:dandelion":8,"minecraft:blast_furnace":2,"minecraft:dark_oak_log":7,"last_of_us:noxioustree":9,"minecraft:barrel":1,"minecraft:leather_helmet":3,"minecraft:brick_slab":1,"minecraft:diamond":2,"tacz:modern_kinetic_gun":1,"minecraft:chainmail_leggings":1,"minecraft:emerald":16,"minecraft:bread":10,"minecraft:coal":52,"last_of_us:noxioussack":6},"minecraft:dropped":{"minecraft:iron_ingot":4,"minecraft:bread":4,"minecraft:cobblestone":23,"last_of_us:noxioustree":5,"minecraft:leather_helmet":2,"last_of_us:noxioussack":6,"spore:mutated_fiber":4,"minecraft:poppy":4,"minecraft:iron_chestplate":1,"sanitydim:garland":1,"minecraft:leather_boots":1,"last_of_us:rags":2,"minecraft:wooden_pickaxe":5},"minecraft:killed":{"minecraft:horse":1,"last_of_us:clicker":3,"last_of_us:stalker":1},"minecraft:killed_by":{"last_of_us:runner":1,"last_of_us:clicker":2,"last_of_us:bloater":1},"minecraft:broken":{"sanitydim:garland":2,"minecraft:stone_pickaxe":2},"minecraft:crafted":{"minecraft:wooden_sword":1,"minecraft:oak_planks":12,"sanitydim:garland":1,"minecraft:stone_pickaxe":3,"minecraft:dark_oak_planks":28,"minecraft:wheat":27,"minecraft:crafting_table":2,"minecraft:wooden_pickaxe":2,"tacz:gun_smith_table":1,"minecraft:copper_ingot":31,"minecraft:bread":10,"minecraft:air":0,"minecraft:white_wool":3,"minecraft:stick":20,"minecraft:iron_ingot":28,"minecraft:wooden_axe":1,"minecraft:iron_block":1,"firstaid:bandage":1,"minecraft:torch":24}},"DataVersion":3465}