{"stats":{"minecraft:used":{"minecraft:polished_deepslate":5,"minecraft:chest":1,"minecraft:shield":12,"minecraft:iron_sword":79,"minecraft:iron_chestplate":8,"sanitydim:garland":1,"last_of_us:noxioussack":2,"minecraft:iron_helmet":2,"minecraft:stone_bricks":2,"minecraft:mangrove_roots":2,"minecraft:oak_sapling":1,"minecraft:diorite":8,"minecraft:oak_planks":13,"minecraft:stone_pickaxe":540,"minecraft:wooden_pickaxe":22,"minecraft:blast_furnace":3,"minecraft:light_gray_terracotta":2,"minecraft:redstone_torch":2,"minecraft:bread":7,"spore:living_pants":1,"minecraft:wooden_sword":16,"minecraft:chainmail_boots":1,"minecraft:andesite":5,"minecraft:oak_fence":3,"minecraft:iron_bars":1,"minecraft:stone_sword":13,"tacz:gun_smith_table":1,"minecraft:torch":67,"minecraft:dirt":11,"minecraft:anvil":1,"minecraft:chainmail_chestplate":2,"minecraft:granite":8,"minecraft:dark_oak_planks":2,"minecraft:wooden_axe":30,"minecraft:iron_axe":24,"minecraft:iron_boots":3,"minecraft:barrel":1,"minecraft:iron_leggings":2,"spore:living_boots":2,"minecraft:crafting_table":7,"minecraft:red_bed":1,"minecraft:white_bed":8,"minecraft:smoker":2,"minecraft:gray_terracotta":26,"minecraft:iron_pickaxe":548,"minecraft:leather_helmet":1,"minecraft:stone_axe":20,"minecraft:cobblestone":256,"minecraft:black_candle":7,"minecraft:yellow_bed":2,"minecraft:smooth_stone":1,"minecraft:chainmail_leggings":3},"minecraft:custom":{"minecraft:interact_with_crafting_table":47,"minecraft:open_barrel":71,"minecraft:bell_ring":14,"minecraft:leave_game":3,"minecraft:time_since_death":9115,"minecraft:sprint_one_cm":716590,"minecraft:damage_blocked_by_shield":1200,"minecraft:drop":317,"minecraft:talked_to_villager":2,"minecraft:play_time":345661,"minecraft:deaths":74,"minecraft:jump":3499,"minecraft:walk_on_water_one_cm":26590,"minecraft:interact_with_furnace":13,"minecraft:sleep_in_bed":15,"minecraft:damage_dealt":1730,"minecraft:player_kills":11,"minecraft:crouch_one_cm":32420,"minecraft:interact_with_smoker":32,"minecraft:interact_with_anvil":4,"minecraft:mob_kills":53,"minecraft:damage_dealt_resisted":30,"minecraft:climb_one_cm":70011,"minecraft:walk_one_cm":952105,"minecraft:sneak_time":13698,"minecraft:walk_under_water_one_cm":24894,"minecraft:interact_with_blast_furnace":72,"minecraft:total_world_time":345661,"minecraft:time_since_rest":9143,"minecraft:damage_taken":16069,"minecraft:swim_one_cm":45525,"minecraft:fly_one_cm":519854,"minecraft:open_chest":268,"minecraft:fall_one_cm":167792},"minecraft:mined":{"minecraft:white_bed":9,"minecraft:black_terracotta":1,"minecraft:sculk_vein":9,"minecraft:jungle_leaves":5,"minecraft:brewing_stand":2,"minecraft:granite":16,"minecraft:grass_block":3,"minecraft:cracked_polished_blackstone_bricks":4,"minecraft:polished_diorite":2,"minecraft:deepslate_tile_stairs":2,"minecraft:oak_wall_sign":5,"horror_element_mod:rotten_body":1,"minecraft:smooth_stone":6,"minecraft:polished_blackstone_bricks":5,"minecraft:sculk_catalyst":4,"minecraft:iron_ore":85,"minecraft:barrel":1,"minecraft:black_carpet":1,"minecraft:anvil":2,"minecraft:azure_bluet":1,"minecraft:sculk_shrieker":1,"minecraft:iron_bars":5,"minecraft:black_candle":1,"horror_element_mod:sliced_body":1,"minecraft:gray_terracotta":71,"minecraft:quartz_block":8,"minecraft:red_bed":1,"minecraft:cyan_terracotta":13,"minecraft:smoker":3,"minecraft:blue_stained_glass":2,"minecraft:torch":2,"minecraft:light_gray_terracotta":2,"minecraft:blast_furnace":2,"minecraft:calcite":2,"minecraft:white_stained_glass_pane":2,"minecraft:glass":15,"minecraft:cobblestone":36,"last_of_us:noxioussack":15,"minecraft:oak_planks":27,"minecraft:bricks":1,"minecraft:wall_torch":1,"minecraft:polished_diorite_stairs":2,"minecraft:wheat":7,"horror_element_mod:spiked_villager":1,"minecraft:smooth_stone_slab":5,"minecraft:grass":11,"minecraft:oak_log":3,"minecraft:dirt":43,"horror_element_mod:colonial_marine_body":1,"minecraft:oak_leaves":23,"minecraft:deepslate":1,"minecraft:deepslate_tiles":2,"minecraft:blue_stained_glass_pane":11,"minecraft:dark_oak_log":7,"minecraft:mangrove_roots":2,"minecraft:gray_stained_glass_pane":2,"minecraft:glow_lichen":16,"minecraft:brick_stairs":31,"minecraft:spruce_leaves":5,"minecraft:hay_block":3,"minecraft:carrots":5,"minecraft:andesite":32,"minecraft:diamond_block":5,"minecraft:polished_deepslate":6,"minecraft:bookshelf":24,"minecraft:potatoes":3,"minecraft:vine":7,"minecraft:stone":480,"minecraft:glass_pane":15,"minecraft:dandelion":8,"minecraft:oak_fence":3,"minecraft:crafting_table":3,"minecraft:cornflower":1,"minecraft:gray_stained_glass":7,"minecraft:copper_ore":51,"minecraft:lapis_ore":8,"minecraft:diorite":38,"minecraft:black_stained_glass":4,"minecraft:brick_slab":1,"minecraft:polished_blackstone_stairs":2,"minecraft:yellow_bed":2,"minecraft:coal_ore":83,"minecraft:yellow_concrete":5,"minecraft:cobweb":34,"minecraft:cracked_stone_bricks":3,"minecraft:polished_blackstone":12,"minecraft:stone_bricks":16,"minecraft:dark_oak_planks":2},"minecraft:picked_up":{"minecraft:wooden_axe":4,"last_of_us:noxioussack":16,"minecraft:iron_chestplate":21,"spore:mutated_heart":8,"minecraft:wheat":19,"minecraft:black_carpet":2,"minecraft:chainmail_boots":12,"minecraft:anvil":4,"minecraft:lead":3,"minecraft:enchanted_book":4,"minecraft:nether_brick":3,"minecraft:brewing_stand":2,"spore:innards":1,"minecraft:polished_deepslate":9,"minecraft:music_disc_cat":14,"minecraft:string":153,"minecraft:raw_copper":356,"minecraft:smooth_stone_slab":10,"minecraft:iron_leggings":6,"spore:corrosive_sack":2,"minecraft:oak_sign":10,"minecraft:deepslate_tiles":4,"minecraft:cobbled_deepslate":11,"minecraft:smooth_stone":8,"minecraft:bucket":4,"minecraft:eye_armor_trim_smithing_template":6,"minecraft:redstone_torch":7,"minecraft:calcite":6,"minecraft:iron_pickaxe":11,"minecraft:iron_boots":12,"minecraft:furnace":1,"minecraft:stick":40,"minecraft:polished_blackstone_stairs":2,"minecraft:oak_fence":3,"minecraft:torch":223,"minecraft:porkchop":2,"tacz:attachment":7,"minecraft:diorite":68,"minecraft:quartz_block":13,"minecraft:stone_sword":2,"minecraft:cactus":10,"minecraft:rotten_flesh":255,"minecraft:cyan_terracotta":8,"minecraft:mangrove_roots":2,"minecraft:iron_bars":7,"minecraft:cobblestone":1937,"minecraft:enchanting_table":1,"minecraft:iron_door":1,"minecraft:andesite":31,"minecraft:smoker":4,"minecraft:potato":42,"minecraft:flint":6,"spore:living_boots":2,"minecraft:lapis_lazuli":322,"minecraft:dirt":54,"minecraft:name_tag":24,"minecraft:leather_boots":3,"minecraft:bone":38,"spore:nerves":10,"minecraft:gray_terracotta":91,"minecraft:wheat_seeds":28,"minecraft:raw_gold":11,"minecraft:glowstone_dust":2,"minecraft:oak_planks":463,"firstaid:plaster":1,"spore:cerebrum":9,"minecraft:black_terracotta":1,"spore:armor_fragment":54,"minecraft:polished_blackstone_slab":1,"minecraft:fermented_spider_eye":5,"minecraft:diamond_block":20,"minecraft:dark_oak_log":7,"last_of_us:noxioustree":23,"minecraft:barrel":4,"spore:claw_fragment":112,"minecraft:light_gray_terracotta":2,"minecraft:diamond":30,"minecraft:cracked_polished_blackstone_bricks":5,"minecraft:crossbow":3,"minecraft:granite":68,"minecraft:golden_apple":1,"minecraft:emerald":155,"minecraft:bread":24,"spore:spine_fragment":22,"minecraft:oak_sapling":2,"minecraft:bricks":2,"minecraft:crafting_table":12,"minecraft:azure_bluet":1,"minecraft:splash_potion":5,"minecraft:ladder":2,"minecraft:nether_wart":15,"minecraft:leather_leggings":4,"minecraft:wooden_pickaxe":9,"minecraft:diamond_horse_armor":1,"minecraft:shield":8,"minecraft:cornflower":1,"minecraft:red_bed":1,"minecraft:iron_axe":6,"minecraft:wooden_sword":1,"tacz:ammo":1609,"minecraft:cracked_stone_bricks":2,"usefulbackpacks:backpack_small":1,"minecraft:music_disc_otherside":5,"minecraft:beef":3,"minecraft:iron_nugget":6,"minecraft:poppy":10,"spore:tumor":4,"minecraft:raw_iron":85,"last_of_us:rags":8,"minecraft:copper_ingot":210,"automobility:automobile_assembler":5,"minecraft:polished_blackstone_bricks":6,"minecraft:carrot":9,"minecraft:redstone":32,"last_of_us:rock":3,"minecraft:dark_oak_planks":15,"minecraft:hay_block":3,"minecraft:saddle":6,"minecraft:gold_ingot":46,"minecraft:polished_blackstone":10,"minecraft:brick_stairs":95,"spore:tendons":16,"minecraft:mutton":8,"minecraft:oxeye_daisy":1,"spore:altered_spleen":1,"minecraft:leather":29,"minecraft:oak_log":244,"minecraft:chainmail_chestplate":3,"minecraft:yellow_bed":3,"minecraft:gunpowder":149,"sanitydim:garland":3,"minecraft:apple":21,"minecraft:stone_bricks":13,"minecraft:kelp":1,"automobility:auto_mechanic_table":1,"minecraft:iron_ingot":74,"minecraft:stone_pickaxe":14,"minecraft:cobweb":128,"spore:mutated_fiber":109,"minecraft:iron_sword":16,"minecraft:book":492,"minecraft:black_candle":7,"spore:living_core":1,"minecraft:daylight_detector":3,"minecraft:yellow_concrete":5,"minecraft:quartz":2,"minecraft:dandelion":8,"minecraft:blast_furnace":5,"minecraft:white_bed":9,"minecraft:brick_slab":2,"minecraft:leather_helmet":7,"minecraft:polished_diorite_stairs":2,"minecraft:polished_diorite":2,"minecraft:stone_axe":4,"tacz:modern_kinetic_gun":26,"minecraft:chainmail_leggings":6,"minecraft:iron_helmet":4,"minecraft:coal":313},"minecraft:dropped":{"minecraft:iron_sword":3,"spore:spine_fragment":5,"minecraft:crossbow":1,"last_of_us:noxioustree":7,"minecraft:leather_helmet":3,"minecraft:music_disc_13":1,"minecraft:cracked_polished_blackstone_bricks":2,"minecraft:dirt":5,"minecraft:polished_diorite_stairs":2,"spore:innards":1,"usefulbackpacks:backpack_small":1,"minecraft:polished_blackstone_bricks":1,"minecraft:polished_blackstone_slab":1,"minecraft:fermented_spider_eye":2,"last_of_us:noxioussack":9,"minecraft:stone_axe":2,"minecraft:iron_nugget":6,"minecraft:cobbled_deepslate":1,"minecraft:wheat":4,"minecraft:oak_planks":30,"automobility:auto_mechanic_table":1,"spore:corrosive_sack":2,"minecraft:carrot":4,"minecraft:poppy":4,"minecraft:quartz_block":1,"automobility:automobile_assembler":2,"minecraft:leather_boots":1,"last_of_us:rags":3,"minecraft:chainmail_boots":1,"minecraft:iron_bars":2,"spore:armor_fragment":14,"tacz:attachment":1,"minecraft:iron_ingot":4,"minecraft:bread":4,"minecraft:polished_blackstone":6,"minecraft:yellow_concrete":5,"minecraft:cobblestone":67,"minecraft:granite":22,"minecraft:copper_ingot":68,"minecraft:polished_blackstone_stairs":2,"minecraft:stick":2,"minecraft:cobweb":64,"last_of_us:rock":1,"spore:living_boots":1,"minecraft:diorite":14,"minecraft:iron_door":1,"spore:tumor":2,"tacz:modern_kinetic_gun":4,"spore:mutated_heart":2,"minecraft:smooth_stone":5,"minecraft:chainmail_leggings":1,"minecraft:string":4,"minecraft:bucket":1,"minecraft:music_disc_cat":1,"spore:claw_fragment":11,"minecraft:polished_diorite":2,"minecraft:kelp":1,"spore:nerves":5,"minecraft:raw_copper":17,"minecraft:smooth_stone_slab":10,"minecraft:iron_boots":1,"minecraft:name_tag":3,"spore:mutated_fiber":7,"minecraft:potato":19,"minecraft:shield":2,"minecraft:iron_chestplate":1,"sanitydim:garland":1,"minecraft:oak_sapling":2,"minecraft:stone_bricks":1,"tacz:ammo":277,"minecraft:stone_pickaxe":4,"minecraft:wooden_pickaxe":6,"spore:living_pants":1},"minecraft:killed":{"last_of_us:bloater":1,"minecraft:spider":1,"last_of_us:clicker":9,"spore:spitter":1,"spore:inf_player":1,"last_of_us:crawler":1,"minecraft:creeper":6,"last_of_us:stalker":3,"spore:inf_villager":6,"spore:inf_human":4,"spore:knight":1,"last_of_us:runner":4,"minecraft:horse":1,"spore:griefer":1,"last_of_us:shambler":4,"minecraft:frog":1,"spore:inf_pillager":3,"spore:inf_witch":1,"spore:inf_husk":3,"spore:slasher":1},"minecraft:broken":{"sanitydim:garland":2,"minecraft:stone_pickaxe":4,"minecraft:iron_pickaxe":2},"minecraft:killed_by":{"spore:inquisitor":4,"last_of_us:runner":7,"spore:inf_player":3,"spore:inf_villager":2,"last_of_us:stalker":1,"minecraft:player":16,"spore:busser":2,"last_of_us:clicker":4,"last_of_us:bloater":6,"spore:brot":1},"minecraft:crafted":{"minecraft:oak_planks":52,"minecraft:cooked_mutton":5,"minecraft:iron_boots":1,"minecraft:chest":1,"minecraft:cooked_porkchop":2,"minecraft:crafting_table":4,"minecraft:wooden_pickaxe":2,"minecraft:iron_helmet":1,"minecraft:copper_ingot":89,"minecraft:iron_chestplate":1,"minecraft:shield":1,"minecraft:stick":48,"minecraft:iron_ingot":69,"minecraft:iron_pickaxe":2,"minecraft:iron_block":1,"minecraft:stone_sword":1,"minecraft:wooden_sword":1,"sanitydim:garland":1,"minecraft:iron_axe":1,"minecraft:stone_pickaxe":6,"minecraft:dark_oak_planks":28,"minecraft:wheat":27,"minecraft:cooked_beef":3,"minecraft:iron_sword":1,"tacz:gun_smith_table":1,"minecraft:stone_axe":1,"minecraft:bread":12,"minecraft:air":0,"minecraft:white_wool":9,"minecraft:wooden_axe":1,"firstaid:bandage":3,"minecraft:iron_leggings":1,"minecraft:torch":68}},"DataVersion":3465}