{"stats":{"minecraft:used":{"minecraft:oak_fence":3,"minecraft:polished_deepslate":5,"minecraft:iron_sword":75,"minecraft:iron_chestplate":1,"minecraft:torch":7,"minecraft:dirt":10,"sanitydim:garland":1,"minecraft:wooden_axe":30,"minecraft:dark_oak_planks":2,"minecraft:iron_boots":1,"minecraft:barrel":1,"minecraft:stone_bricks":2,"minecraft:mangrove_roots":2,"minecraft:stone_pickaxe":112,"minecraft:oak_planks":6,"minecraft:wooden_pickaxe":22,"minecraft:crafting_table":1,"minecraft:blast_furnace":1,"minecraft:smoker":1,"minecraft:redstone_torch":1,"minecraft:bread":3,"minecraft:wooden_sword":16,"minecraft:black_candle":7,"minecraft:yellow_bed":1,"minecraft:chainmail_leggings":1},"minecraft:custom":{"minecraft:mob_kills":3,"minecraft:interact_with_crafting_table":10,"minecraft:open_barrel":20,"minecraft:bell_ring":14,"minecraft:time_since_death":8477,"minecraft:climb_one_cm":3718,"minecraft:sprint_one_cm":96573,"minecraft:walk_one_cm":170161,"minecraft:drop":46,"minecraft:talked_to_villager":1,"minecraft:play_time":53105,"minecraft:deaths":8,"minecraft:sneak_time":4158,"minecraft:walk_under_water_one_cm":8344,"minecraft:jump":652,"minecraft:interact_with_blast_furnace":2,"minecraft:walk_on_water_one_cm":9248,"minecraft:total_world_time":53105,"minecraft:interact_with_furnace":2,"minecraft:sleep_in_bed":4,"minecraft:time_since_rest":1048,"minecraft:damage_taken":1918,"minecraft:damage_dealt":789,"minecraft:swim_one_cm":25050,"minecraft:fly_one_cm":111872,"minecraft:open_chest":11,"minecraft:crouch_one_cm":12381,"minecraft:interact_with_smoker":5,"minecraft:fall_one_cm":18040},"minecraft:mined":{"minecraft:dark_oak_planks":1,"minecraft:sculk_vein":9,"minecraft:dark_oak_log":7,"minecraft:mangrove_roots":2,"minecraft:glow_lichen":16,"minecraft:grass_block":3,"minecraft:deepslate_tile_stairs":2,"minecraft:oak_wall_sign":5,"minecraft:hay_block":3,"horror_element_mod:rotten_body":1,"minecraft:sculk_catalyst":4,"minecraft:carrots":5,"minecraft:barrel":1,"minecraft:black_carpet":1,"minecraft:azure_bluet":1,"minecraft:polished_deepslate":6,"minecraft:sculk_shrieker":1,"minecraft:bookshelf":7,"minecraft:potatoes":3,"minecraft:black_candle":1,"horror_element_mod:sliced_body":1,"minecraft:stone":93,"minecraft:smoker":1,"minecraft:dandelion":8,"minecraft:oak_fence":3,"minecraft:cornflower":1,"minecraft:blast_furnace":1,"minecraft:glass":2,"last_of_us:noxioussack":5,"minecraft:oak_planks":8,"minecraft:wheat":7,"horror_element_mod:spiked_villager":1,"minecraft:yellow_bed":1,"minecraft:grass":11,"minecraft:oak_log":3,"minecraft:coal_ore":25,"minecraft:dirt":14,"minecraft:cobweb":17,"minecraft:stone_bricks":2,"horror_element_mod:colonial_marine_body":1,"minecraft:oak_leaves":1},"minecraft:picked_up":{"minecraft:wooden_axe":4,"minecraft:black_carpet":2,"minecraft:iron_chestplate":6,"minecraft:crafting_table":3,"minecraft:wheat":5,"minecraft:azure_bluet":1,"minecraft:chainmail_boots":4,"minecraft:splash_potion":3,"minecraft:nether_wart":15,"minecraft:leather_leggings":4,"minecraft:wooden_pickaxe":8,"minecraft:enchanted_book":1,"minecraft:nether_brick":3,"minecraft:polished_deepslate":9,"minecraft:cornflower":1,"minecraft:music_disc_cat":3,"minecraft:string":51,"minecraft:wooden_sword":1,"minecraft:oak_sign":10,"minecraft:redstone_torch":3,"minecraft:poppy":10,"minecraft:iron_boots":5,"minecraft:stick":3,"last_of_us:rags":2,"minecraft:oak_fence":3,"minecraft:carrot":5,"minecraft:redstone":32,"minecraft:dark_oak_planks":13,"minecraft:quartz_block":2,"minecraft:stone_sword":1,"minecraft:rotten_flesh":174,"minecraft:hay_block":3,"minecraft:saddle":4,"minecraft:mangrove_roots":2,"minecraft:gold_ingot":4,"minecraft:mutton":2,"minecraft:cobblestone":126,"minecraft:oxeye_daisy":1,"minecraft:leather":6,"minecraft:smoker":2,"minecraft:potato":3,"minecraft:oak_log":3,"minecraft:chainmail_chestplate":1,"minecraft:yellow_bed":2,"minecraft:gunpowder":8,"sanitydim:garland":3,"minecraft:dirt":20,"minecraft:leather_boots":2,"minecraft:stone_bricks":4,"minecraft:wheat_seeds":17,"minecraft:iron_ingot":16,"minecraft:cobweb":128,"spore:mutated_fiber":6,"minecraft:iron_sword":6,"minecraft:oak_planks":116,"minecraft:book":42,"minecraft:black_candle":7,"minecraft:daylight_detector":3,"minecraft:quartz":2,"minecraft:dandelion":8,"minecraft:blast_furnace":2,"minecraft:dark_oak_log":7,"last_of_us:noxioustree":9,"minecraft:barrel":1,"minecraft:leather_helmet":3,"minecraft:diamond":2,"minecraft:chainmail_leggings":1,"minecraft:emerald":16,"minecraft:bread":10,"minecraft:coal":25,"last_of_us:noxioussack":6},"minecraft:dropped":{"minecraft:bread":4,"minecraft:cobblestone":11,"last_of_us:noxioustree":5,"minecraft:leather_helmet":2,"last_of_us:noxioussack":6,"spore:mutated_fiber":4,"minecraft:poppy":4,"minecraft:iron_chestplate":1,"sanitydim:garland":1,"minecraft:leather_boots":1,"last_of_us:rags":2,"minecraft:wooden_pickaxe":5},"minecraft:killed":{"minecraft:horse":1,"last_of_us:clicker":1,"last_of_us:stalker":1},"minecraft:killed_by":{"last_of_us:runner":1,"last_of_us:clicker":2,"last_of_us:bloater":1},"minecraft:broken":{"sanitydim:garland":1},"minecraft:crafted":{"minecraft:wooden_sword":1,"minecraft:oak_planks":12,"sanitydim:garland":1,"minecraft:stone_pickaxe":1,"minecraft:dark_oak_planks":28,"minecraft:wheat":27,"minecraft:crafting_table":1,"minecraft:wooden_pickaxe":2,"minecraft:bread":10,"minecraft:white_wool":3,"minecraft:stick":20,"minecraft:wooden_axe":1,"firstaid:bandage":1,"minecraft:torch":24}},"DataVersion":3465}