{"stats":{"minecraft:dropped":{"minecraft:bread":1,"minecraft:iron_sword":1,"minecraft:diamond_hoe":1,"minecraft:chicken":3,"minecraft:feather":5,"minecraft:rotten_flesh":14,"minecraft:oak_planks":5,"minecraft:leather":1,"minecraft:saddle":1,"minecraft:coal":3,"minecraft:stick":7,"minecraft:dirt":4,"minecraft:torch":2,"minecraft:oak_sapling":7,"minecraft:acacia_sapling":1,"minecraft:stone_pickaxe":1,"minecraft:string":1,"minecraft:bone":1,"minecraft:redstone":1},"minecraft:killed":{"last_of_us:runner":1,"spore:inf_human":1},"minecraft:custom":{"minecraft:mob_kills":2,"minecraft:open_barrel":2,"minecraft:interact_with_crafting_table":6,"minecraft:time_since_death":38,"minecraft:climb_one_cm":24570,"minecraft:time_since_rest":64,"minecraft:sprint_one_cm":154460,"minecraft:damage_taken":3158,"minecraft:walk_one_cm":122331,"minecraft:drop":54,"minecraft:damage_dealt":679,"minecraft:fly_one_cm":148461,"minecraft:player_kills":1,"minecraft:open_chest":37,"minecraft:crouch_one_cm":5115,"minecraft:play_time":40419,"minecraft:deaths":17,"minecraft:sneak_time":1496,"minecraft:walk_under_water_one_cm":237,"minecraft:jump":627,"minecraft:walk_on_water_one_cm":474,"minecraft:total_world_time":40419,"minecraft:fall_one_cm":25008},"minecraft:mined":{"minecraft:gray_terracotta":25,"minecraft:acacia_leaves":12,"minecraft:glass_pane":2,"minecraft:quartz_block":9,"horror_element_mod:beheaded_body":1,"minecraft:jungle_leaves":9,"minecraft:light_gray_terracotta":1,"minecraft:crafting_table":1,"minecraft:acacia_log":8,"minecraft:glass":1,"minecraft:tall_grass":1,"minecraft:spruce_leaves":7,"minecraft:light_blue_stained_glass":38,"minecraft:stone_stairs":2,"minecraft:enchanting_table":1,"minecraft:smooth_stone_slab":3,"minecraft:grass":11,"minecraft:vine":6,"minecraft:iron_bars":6,"minecraft:cobweb":7,"minecraft:cracked_stone_bricks":9,"minecraft:stone_bricks":10,"minecraft:stone":14,"minecraft:oak_leaves":18},"minecraft:used":{"minecraft:stone_pickaxe":83,"minecraft:chest":3,"minecraft:cracked_stone_bricks":1,"minecraft:torch":1,"minecraft:crafting_table":2,"minecraft:light_gray_terracotta":1,"minecraft:gray_terracotta":23,"minecraft:iron_pickaxe":26,"minecraft:diamond_sword":33,"minecraft:furnace":5,"minecraft:egg":3,"minecraft:acacia_planks":63},"minecraft:killed_by":{"last_of_us:runner":6,"last_of_us:clicker":3,"minecraft:creeper":1,"last_of_us:bloater":1,"last_of_us:stalker":3},"minecraft:crafted":{"minecraft:crafting_table":1,"minecraft:stick":4,"minecraft:stone_pickaxe":1,"minecraft:iron_block":1,"minecraft:chest":3,"minecraft:acacia_planks":16},"minecraft:picked_up":{"minecraft:enchanting_table":1,"spore:mutated_heart":1,"minecraft:crafting_table":3,"minecraft:feather":11,"minecraft:chicken":6,"minecraft:ladder":1,"minecraft:leather":1,"minecraft:diamond_sword":3,"minecraft:chainmail_chestplate":1,"minecraft:gunpowder":62,"minecraft:music_disc_cat":2,"minecraft:string":51,"minecraft:dirt":4,"minecraft:stone_stairs":2,"minecraft:smooth_stone_slab":3,"minecraft:name_tag":9,"minecraft:bone":1,"minecraft:acacia_planks":211,"minecraft:stone_bricks":12,"minecraft:gray_terracotta":23,"minecraft:cracked_stone_bricks":9,"minecraft:stone_pickaxe":1,"minecraft:oak_planks":5,"minecraft:acacia_sapling":1,"minecraft:diamond_hoe":1,"minecraft:egg":7,"minecraft:furnace":10,"minecraft:stick":15,"last_of_us:rags":7,"minecraft:music_disc_13":3,"minecraft:torch":3,"minecraft:acacia_log":20,"minecraft:redstone":4,"minecraft:leather_helmet":1,"minecraft:quartz_block":9,"minecraft:light_gray_terracotta":1,"minecraft:rotten_flesh":29,"minecraft:emerald":4,"minecraft:saddle":1,"minecraft:gold_ingot":24,"minecraft:bread":1,"minecraft:oak_sapling":7,"minecraft:iron_bars":6,"minecraft:coal":3,"minecraft:cobblestone":114}},"DataVersion":3465}