{"stats":{"minecraft:used":{"minecraft:polished_deepslate":5,"minecraft:shield":12,"minecraft:iron_sword":79,"minecraft:iron_chestplate":7,"sanitydim:garland":1,"last_of_us:noxioussack":2,"minecraft:iron_helmet":1,"minecraft:stone_bricks":2,"minecraft:mangrove_roots":2,"minecraft:oak_sapling":1,"minecraft:diorite":8,"minecraft:stone_pickaxe":540,"minecraft:oak_planks":13,"minecraft:wooden_pickaxe":22,"minecraft:light_gray_terracotta":2,"minecraft:blast_furnace":3,"minecraft:redstone_torch":2,"minecraft:bread":7,"spore:living_pants":1,"minecraft:wooden_sword":16,"minecraft:chainmail_boots":1,"minecraft:andesite":5,"minecraft:oak_fence":3,"minecraft:iron_bars":1,"minecraft:stone_sword":13,"tacz:gun_smith_table":1,"minecraft:torch":43,"minecraft:dirt":11,"minecraft:anvil":1,"minecraft:chainmail_chestplate":2,"minecraft:granite":8,"minecraft:wooden_axe":30,"minecraft:dark_oak_planks":2,"minecraft:iron_axe":20,"minecraft:iron_boots":2,"minecraft:barrel":1,"minecraft:iron_leggings":1,"spore:living_boots":2,"minecraft:crafting_table":6,"minecraft:red_bed":1,"minecraft:white_bed":7,"minecraft:smoker":2,"minecraft:gray_terracotta":26,"minecraft:iron_pickaxe":506,"minecraft:leather_helmet":1,"minecraft:stone_axe":20,"minecraft:cobblestone":122,"minecraft:black_candle":7,"minecraft:yellow_bed":2,"minecraft:chainmail_leggings":3},"minecraft:custom":{"minecraft:interact_with_crafting_table":45,"minecraft:open_barrel":62,"minecraft:bell_ring":14,"minecraft:leave_game":1,"minecraft:time_since_death":2101,"minecraft:sprint_one_cm":643972,"minecraft:damage_blocked_by_shield":1200,"minecraft:drop":285,"minecraft:talked_to_villager":2,"minecraft:play_time":298421,"minecraft:deaths":69,"minecraft:jump":3025,"minecraft:walk_on_water_one_cm":10379,"minecraft:interact_with_furnace":13,"minecraft:sleep_in_bed":15,"minecraft:damage_dealt":1309,"minecraft:player_kills":8,"minecraft:crouch_one_cm":27703,"minecraft:interact_with_smoker":32,"minecraft:mob_kills":49,"minecraft:interact_with_anvil":4,"minecraft:damage_dealt_resisted":30,"minecraft:climb_one_cm":68826,"minecraft:walk_one_cm":884793,"minecraft:sneak_time":12124,"minecraft:walk_under_water_one_cm":8716,"minecraft:interact_with_blast_furnace":72,"minecraft:total_world_time":298421,"minecraft:time_since_rest":2125,"minecraft:damage_taken":15338,"minecraft:swim_one_cm":25806,"minecraft:fly_one_cm":417623,"minecraft:open_chest":254,"minecraft:fall_one_cm":162421},"minecraft:mined":{"minecraft:white_bed":8,"minecraft:black_terracotta":1,"minecraft:sculk_vein":9,"minecraft:jungle_leaves":4,"minecraft:brewing_stand":2,"minecraft:granite":16,"minecraft:grass_block":3,"minecraft:cracked_polished_blackstone_bricks":4,"minecraft:deepslate_tile_stairs":2,"minecraft:oak_wall_sign":5,"horror_element_mod:rotten_body":1,"minecraft:polished_blackstone_bricks":5,"minecraft:sculk_catalyst":4,"minecraft:iron_ore":85,"minecraft:barrel":1,"minecraft:black_carpet":1,"minecraft:anvil":2,"minecraft:azure_bluet":1,"minecraft:sculk_shrieker":1,"minecraft:iron_bars":3,"minecraft:black_candle":1,"horror_element_mod:sliced_body":1,"minecraft:gray_terracotta":71,"minecraft:quartz_block":8,"minecraft:cyan_terracotta":13,"minecraft:red_bed":1,"minecraft:smoker":3,"minecraft:blue_stained_glass":2,"minecraft:torch":2,"minecraft:light_gray_terracotta":2,"minecraft:blast_furnace":2,"minecraft:calcite":2,"minecraft:white_stained_glass_pane":2,"minecraft:glass":15,"last_of_us:noxioussack":15,"minecraft:cobblestone":32,"minecraft:bricks":1,"minecraft:oak_planks":27,"minecraft:wall_torch":1,"minecraft:wheat":7,"horror_element_mod:spiked_villager":1,"minecraft:smooth_stone_slab":3,"minecraft:grass":11,"minecraft:oak_log":3,"minecraft:dirt":43,"horror_element_mod:colonial_marine_body":1,"minecraft:oak_leaves":22,"minecraft:deepslate":1,"minecraft:deepslate_tiles":2,"minecraft:blue_stained_glass_pane":11,"minecraft:dark_oak_log":7,"minecraft:mangrove_roots":2,"minecraft:gray_stained_glass_pane":2,"minecraft:glow_lichen":16,"minecraft:brick_stairs":31,"minecraft:spruce_leaves":5,"minecraft:hay_block":3,"minecraft:carrots":5,"minecraft:andesite":32,"minecraft:polished_deepslate":6,"minecraft:bookshelf":24,"minecraft:potatoes":3,"minecraft:vine":7,"minecraft:stone":480,"minecraft:glass_pane":15,"minecraft:dandelion":8,"minecraft:oak_fence":3,"minecraft:crafting_table":3,"minecraft:cornflower":1,"minecraft:gray_stained_glass":7,"minecraft:copper_ore":51,"minecraft:lapis_ore":8,"minecraft:diorite":38,"minecraft:brick_slab":1,"minecraft:polished_blackstone_stairs":2,"minecraft:yellow_bed":2,"minecraft:coal_ore":83,"minecraft:cobweb":34,"minecraft:cracked_stone_bricks":2,"minecraft:polished_blackstone":12,"minecraft:stone_bricks":8,"minecraft:dark_oak_planks":2},"minecraft:picked_up":{"minecraft:wooden_axe":4,"last_of_us:noxioussack":16,"spore:mutated_heart":8,"minecraft:iron_chestplate":18,"minecraft:wheat":19,"minecraft:black_carpet":2,"minecraft:chainmail_boots":12,"minecraft:anvil":2,"minecraft:lead":2,"minecraft:enchanted_book":4,"minecraft:nether_brick":3,"minecraft:brewing_stand":2,"minecraft:string":153,"minecraft:polished_deepslate":9,"minecraft:music_disc_cat":7,"spore:innards":1,"minecraft:raw_copper":295,"minecraft:smooth_stone_slab":6,"minecraft:iron_leggings":2,"spore:corrosive_sack":2,"minecraft:oak_sign":10,"minecraft:deepslate_tiles":4,"minecraft:cobbled_deepslate":4,"minecraft:eye_armor_trim_smithing_template":2,"minecraft:redstone_torch":5,"minecraft:calcite":6,"minecraft:iron_pickaxe":6,"minecraft:iron_boots":9,"minecraft:furnace":1,"minecraft:stick":40,"minecraft:polished_blackstone_stairs":2,"minecraft:oak_fence":3,"minecraft:torch":96,"minecraft:porkchop":2,"tacz:attachment":3,"minecraft:diorite":68,"minecraft:quartz_block":13,"minecraft:stone_sword":2,"minecraft:cactus":10,"minecraft:rotten_flesh":245,"minecraft:cyan_terracotta":8,"minecraft:mangrove_roots":2,"minecraft:iron_bars":3,"minecraft:cobblestone":1443,"minecraft:enchanting_table":1,"minecraft:andesite":31,"minecraft:smoker":4,"minecraft:potato":42,"minecraft:flint":6,"spore:living_boots":2,"minecraft:lapis_lazuli":253,"minecraft:dirt":54,"minecraft:name_tag":6,"minecraft:leather_boots":3,"minecraft:bone":38,"minecraft:gray_terracotta":91,"spore:nerves":10,"minecraft:wheat_seeds":28,"minecraft:glowstone_dust":2,"minecraft:oak_planks":463,"firstaid:plaster":1,"spore:cerebrum":9,"minecraft:black_terracotta":1,"spore:armor_fragment":54,"minecraft:polished_blackstone_slab":1,"minecraft:fermented_spider_eye":5,"last_of_us:noxioustree":21,"minecraft:dark_oak_log":7,"minecraft:barrel":4,"spore:claw_fragment":112,"minecraft:light_gray_terracotta":2,"minecraft:diamond":14,"minecraft:cracked_polished_blackstone_bricks":5,"minecraft:crossbow":3,"minecraft:granite":68,"minecraft:golden_apple":1,"minecraft:bread":22,"minecraft:emerald":77,"spore:spine_fragment":22,"minecraft:oak_sapling":2,"minecraft:bricks":2,"minecraft:crafting_table":8,"minecraft:azure_bluet":1,"minecraft:splash_potion":5,"minecraft:nether_wart":15,"minecraft:ladder":2,"minecraft:leather_leggings":4,"minecraft:wooden_pickaxe":9,"minecraft:shield":4,"minecraft:cornflower":1,"minecraft:red_bed":1,"minecraft:iron_axe":2,"minecraft:wooden_sword":1,"tacz:ammo":1403,"minecraft:cracked_stone_bricks":2,"minecraft:music_disc_otherside":3,"minecraft:beef":3,"minecraft:iron_nugget":6,"minecraft:poppy":10,"minecraft:raw_iron":85,"spore:tumor":4,"last_of_us:rags":5,"minecraft:copper_ingot":98,"automobility:automobile_assembler":1,"minecraft:polished_blackstone_bricks":6,"minecraft:carrot":9,"minecraft:redstone":32,"last_of_us:rock":2,"minecraft:dark_oak_planks":15,"minecraft:hay_block":3,"minecraft:saddle":6,"minecraft:gold_ingot":32,"minecraft:brick_stairs":95,"minecraft:polished_blackstone":10,"spore:tendons":16,"minecraft:mutton":8,"minecraft:oxeye_daisy":1,"spore:altered_spleen":1,"minecraft:leather":6,"minecraft:oak_log":116,"minecraft:chainmail_chestplate":3,"minecraft:yellow_bed":3,"minecraft:gunpowder":79,"sanitydim:garland":3,"minecraft:apple":9,"minecraft:stone_bricks":8,"automobility:auto_mechanic_table":1,"minecraft:iron_ingot":68,"minecraft:stone_pickaxe":13,"minecraft:cobweb":128,"spore:mutated_fiber":109,"minecraft:iron_sword":15,"minecraft:book":303,"minecraft:black_candle":7,"spore:living_core":1,"minecraft:daylight_detector":3,"minecraft:quartz":2,"minecraft:dandelion":8,"minecraft:blast_furnace":5,"minecraft:white_bed":7,"minecraft:brick_slab":2,"minecraft:leather_helmet":7,"minecraft:stone_axe":3,"tacz:modern_kinetic_gun":21,"minecraft:chainmail_leggings":6,"minecraft:iron_helmet":4,"minecraft:coal":313},"minecraft:dropped":{"minecraft:iron_sword":3,"spore:spine_fragment":5,"minecraft:crossbow":1,"last_of_us:noxioustree":6,"minecraft:leather_helmet":3,"minecraft:music_disc_13":1,"minecraft:cracked_polished_blackstone_bricks":2,"minecraft:dirt":5,"spore:innards":1,"minecraft:polished_blackstone_bricks":1,"minecraft:polished_blackstone_slab":1,"minecraft:fermented_spider_eye":2,"minecraft:stone_axe":2,"last_of_us:noxioussack":9,"minecraft:iron_nugget":6,"minecraft:cobbled_deepslate":1,"minecraft:wheat":4,"minecraft:oak_planks":30,"automobility:auto_mechanic_table":1,"spore:corrosive_sack":2,"minecraft:carrot":4,"minecraft:poppy":4,"minecraft:quartz_block":1,"automobility:automobile_assembler":1,"minecraft:leather_boots":1,"last_of_us:rags":2,"minecraft:chainmail_boots":1,"spore:armor_fragment":14,"tacz:attachment":1,"minecraft:iron_ingot":4,"minecraft:bread":4,"minecraft:polished_blackstone":6,"minecraft:cobblestone":67,"minecraft:granite":22,"minecraft:copper_ingot":68,"minecraft:polished_blackstone_stairs":2,"minecraft:stick":2,"minecraft:cobweb":64,"spore:living_boots":1,"minecraft:diorite":14,"spore:tumor":2,"tacz:modern_kinetic_gun":3,"spore:mutated_heart":2,"minecraft:chainmail_leggings":1,"minecraft:string":4,"spore:claw_fragment":11,"minecraft:music_disc_cat":1,"spore:nerves":5,"minecraft:raw_copper":17,"minecraft:smooth_stone_slab":6,"minecraft:iron_boots":1,"minecraft:name_tag":3,"spore:mutated_fiber":7,"minecraft:potato":19,"minecraft:shield":2,"minecraft:iron_chestplate":1,"sanitydim:garland":1,"minecraft:oak_sapling":2,"tacz:ammo":262,"minecraft:stone_pickaxe":3,"minecraft:wooden_pickaxe":6,"spore:living_pants":1},"minecraft:killed":{"last_of_us:bloater":1,"minecraft:spider":1,"last_of_us:clicker":8,"spore:spitter":1,"spore:inf_player":1,"last_of_us:crawler":1,"minecraft:creeper":5,"last_of_us:stalker":3,"spore:inf_villager":5,"spore:inf_human":4,"spore:knight":1,"last_of_us:runner":3,"minecraft:horse":1,"spore:griefer":1,"last_of_us:shambler":4,"minecraft:frog":1,"spore:inf_pillager":3,"spore:inf_witch":1,"spore:inf_husk":3,"spore:slasher":1},"minecraft:broken":{"sanitydim:garland":2,"minecraft:stone_pickaxe":4,"minecraft:iron_pickaxe":2},"minecraft:killed_by":{"spore:inquisitor":4,"last_of_us:runner":6,"spore:inf_player":3,"spore:inf_villager":2,"last_of_us:stalker":1,"minecraft:player":12,"spore:busser":2,"last_of_us:clicker":4,"last_of_us:bloater":6,"spore:brot":1},"minecraft:crafted":{"minecraft:oak_planks":32,"minecraft:cooked_mutton":5,"minecraft:iron_boots":1,"minecraft:cooked_porkchop":2,"minecraft:crafting_table":3,"minecraft:iron_helmet":1,"minecraft:wooden_pickaxe":2,"minecraft:copper_ingot":89,"minecraft:iron_chestplate":1,"minecraft:shield":1,"minecraft:stick":48,"minecraft:iron_ingot":69,"minecraft:iron_pickaxe":2,"minecraft:iron_block":1,"minecraft:stone_sword":1,"minecraft:wooden_sword":1,"sanitydim:garland":1,"minecraft:iron_axe":1,"minecraft:stone_pickaxe":6,"minecraft:dark_oak_planks":28,"minecraft:wheat":27,"minecraft:cooked_beef":3,"minecraft:iron_sword":1,"tacz:gun_smith_table":1,"minecraft:stone_axe":1,"minecraft:bread":12,"minecraft:air":0,"minecraft:white_wool":9,"minecraft:wooden_axe":1,"minecraft:iron_leggings":1,"firstaid:bandage":3,"minecraft:torch":68}},"DataVersion":3465}