{"stats":{"minecraft:used":{"minecraft:polished_deepslate":5,"minecraft:chest":2,"minecraft:shield":12,"minecraft:iron_sword":79,"minecraft:iron_chestplate":9,"sanitydim:garland":1,"horror_element_mod:hospital_bed":2,"last_of_us:noxioussack":7,"minecraft:villager_spawn_egg":1,"minecraft:iron_helmet":2,"minecraft:stone_bricks":61,"minecraft:bedrock":10,"minecraft:mangrove_roots":2,"minecraft:oak_sapling":1,"minecraft:furnace":1,"minecraft:gray_bed":3,"minecraft:damaged_anvil":1,"minecraft:diorite":8,"minecraft:oak_planks":39,"minecraft:stone_pickaxe":540,"minecraft:wooden_pickaxe":22,"minecraft:blast_furnace":4,"minecraft:light_gray_terracotta":4,"minecraft:redstone_torch":2,"minecraft:bread":7,"minecraft:gravel":5,"spore:living_pants":1,"securitycraft:mine":10,"minecraft:wooden_sword":16,"minecraft:chainmail_boots":1,"minecraft:andesite":5,"minecraft:oak_fence":3,"minecraft:iron_bars":1,"minecraft:enchanting_table":1,"minecraft:stone_sword":13,"tacz:gun_smith_table":2,"minecraft:ender_chest":1,"minecraft:torch":91,"securitycraft:reinforced_obsidian":121,"minecraft:dirt":11,"minecraft:anvil":1,"minecraft:chainmail_chestplate":2,"minecraft:granite":11,"minecraft:dark_oak_planks":2,"minecraft:wooden_axe":30,"minecraft:iron_axe":55,"horror_element_mod:impaled_soldier":4,"minecraft:iron_boots":5,"minecraft:barrel":1,"securitycraft:reinforced_glass":15,"minecraft:cooked_beef":4,"minecraft:enchanted_golden_apple":1,"minecraft:turtle_egg":4,"minecraft:iron_leggings":2,"minecraft:amethyst_block":1,"spore:living_boots":2,"minecraft:crafting_table":8,"minecraft:red_bed":1,"minecraft:white_bed":11,"minecraft:smoker":3,"minecraft:gray_terracotta":26,"minecraft:black_wool":28,"minecraft:iron_pickaxe":810,"minecraft:leather_helmet":1,"minecraft:stone_axe":20,"minecraft:cobblestone":362,"minecraft:black_candle":7,"minecraft:yellow_bed":2,"minecraft:splash_potion":13,"minecraft:smooth_stone":1,"minecraft:chainmail_leggings":3},"minecraft:custom":{"minecraft:interact_with_crafting_table":48,"minecraft:open_barrel":83,"minecraft:bell_ring":14,"minecraft:leave_game":5,"minecraft:time_since_death":17437,"minecraft:damage_resisted":2,"minecraft:sprint_one_cm":1048330,"minecraft:damage_blocked_by_shield":1200,"minecraft:drop":385,"minecraft:talked_to_villager":2,"minecraft:play_time":532345,"minecraft:deaths":98,"minecraft:jump":6418,"minecraft:walk_on_water_one_cm":39317,"minecraft:interact_with_furnace":14,"minecraft:sleep_in_bed":20,"minecraft:open_enderchest":13,"minecraft:damage_dealt":1739,"minecraft:player_kills":17,"minecraft:crouch_one_cm":54575,"minecraft:interact_with_smoker":32,"minecraft:interact_with_anvil":5,"minecraft:mob_kills":99,"minecraft:damage_dealt_resisted":169,"minecraft:climb_one_cm":87048,"minecraft:walk_one_cm":1314817,"minecraft:sneak_time":21595,"minecraft:walk_under_water_one_cm":28860,"minecraft:interact_with_blast_furnace":90,"minecraft:total_world_time":532345,"minecraft:time_since_rest":9006,"minecraft:damage_taken":20928,"minecraft:swim_one_cm":45525,"minecraft:fly_one_cm":1190527,"minecraft:open_chest":316,"minecraft:fall_one_cm":219147},"minecraft:mined":{"minecraft:white_bed":9,"minecraft:pink_bed":1,"minecraft:black_terracotta":1,"minecraft:sculk_vein":9,"minecraft:jungle_leaves":6,"minecraft:brewing_stand":2,"minecraft:cave_vines_plant":4,"minecraft:granite":22,"minecraft:grass_block":3,"minecraft:cracked_polished_blackstone_bricks":4,"minecraft:polished_diorite":2,"minecraft:deepslate_tile_stairs":2,"minecraft:oak_wall_sign":5,"horror_element_mod:rotten_body":1,"minecraft:smooth_stone":6,"minecraft:polished_blackstone_bricks":5,"minecraft:sculk_catalyst":4,"minecraft:iron_ore":128,"minecraft:barrel":1,"minecraft:black_carpet":1,"minecraft:anvil":2,"minecraft:azure_bluet":1,"minecraft:enchanting_table":1,"minecraft:sculk_shrieker":1,"minecraft:cave_vines":2,"minecraft:iron_bars":5,"minecraft:black_candle":1,"horror_element_mod:sliced_body":1,"minecraft:gray_terracotta":77,"minecraft:quartz_block":8,"minecraft:cyan_terracotta":13,"minecraft:red_bed":1,"minecraft:smoker":3,"minecraft:blue_stained_glass":2,"minecraft:powder_snow":36,"minecraft:clay":3,"minecraft:torch":2,"minecraft:light_gray_terracotta":6,"minecraft:blast_furnace":2,"minecraft:calcite":15,"minecraft:white_stained_glass_pane":4,"minecraft:glass":15,"last_of_us:noxioussack":20,"minecraft:cobblestone":46,"minecraft:oak_planks":31,"minecraft:bricks":1,"minecraft:wall_torch":1,"minecraft:amethyst_block":5,"minecraft:polished_diorite_stairs":2,"horror_element_mod:spiked_villager":1,"minecraft:wheat":7,"minecraft:smooth_stone_slab":12,"minecraft:grass":19,"minecraft:oak_log":17,"minecraft:dirt":45,"minecraft:smooth_basalt":11,"horror_element_mod:colonial_marine_body":1,"minecraft:oak_leaves":34,"minecraft:deepslate":1,"minecraft:deepslate_tiles":2,"minecraft:blue_stained_glass_pane":17,"minecraft:dark_oak_log":7,"minecraft:mangrove_roots":2,"minecraft:gray_stained_glass_pane":3,"minecraft:glow_lichen":16,"minecraft:ladder":4,"minecraft:brick_stairs":31,"minecraft:white_stained_glass":3,"minecraft:spruce_leaves":5,"minecraft:moss_block":3,"minecraft:hay_block":3,"minecraft:carrots":5,"minecraft:andesite":32,"minecraft:diamond_block":5,"minecraft:polished_deepslate":6,"minecraft:bookshelf":24,"minecraft:potatoes":3,"minecraft:vine":7,"minecraft:stone":520,"minecraft:glass_pane":15,"minecraft:dandelion":8,"minecraft:oak_fence":3,"minecraft:crafting_table":3,"minecraft:cornflower":1,"minecraft:gray_stained_glass":10,"minecraft:tall_grass":1,"minecraft:copper_ore":115,"minecraft:lapis_ore":11,"minecraft:diorite":40,"minecraft:black_stained_glass":4,"minecraft:brick_slab":1,"minecraft:polished_blackstone_stairs":2,"minecraft:yellow_bed":2,"minecraft:coal_ore":95,"minecraft:gravel":7,"minecraft:yellow_concrete":5,"minecraft:cobweb":34,"minecraft:cracked_stone_bricks":3,"minecraft:polished_blackstone":12,"minecraft:stone_bricks":19,"minecraft:dark_oak_planks":2},"minecraft:picked_up":{"minecraft:wooden_axe":4,"last_of_us:noxioussack":29,"minecraft:iron_chestplate":43,"spore:mutated_heart":11,"minecraft:wheat":19,"minecraft:black_carpet":2,"minecraft:chainmail_boots":12,"minecraft:ender_chest":2,"minecraft:anvil":4,"minecraft:lead":3,"minecraft:enchanted_book":4,"minecraft:nether_brick":3,"minecraft:brewing_stand":2,"minecraft:amethyst_block":1,"spore:innards":1,"minecraft:polished_deepslate":9,"minecraft:music_disc_cat":14,"minecraft:string":160,"minecraft:raw_copper":1139,"minecraft:smooth_stone_slab":18,"minecraft:iron_leggings":20,"spore:corrosive_sack":4,"minecraft:experience_bottle":1,"minecraft:oak_sign":10,"minecraft:deepslate_tiles":4,"minecraft:cobbled_deepslate":11,"minecraft:smooth_stone":8,"minecraft:bucket":5,"minecraft:eye_armor_trim_smithing_template":6,"minecraft:redstone_torch":9,"spore:gastric_reagent":1,"minecraft:calcite":19,"minecraft:iron_pickaxe":31,"minecraft:enchanted_golden_apple":1,"minecraft:iron_boots":28,"minecraft:furnace":1,"minecraft:stick":55,"spore:vigil_eye":2,"minecraft:polished_blackstone_stairs":2,"minecraft:oak_fence":3,"minecraft:torch":284,"minecraft:porkchop":2,"tacz:attachment":7,"minecraft:diorite":77,"minecraft:goat_horn":1,"minecraft:quartz_block":14,"minecraft:stone_sword":2,"minecraft:cactus":10,"minecraft:rotten_flesh":268,"minecraft:cyan_terracotta":8,"minecraft:mangrove_roots":2,"minecraft:iron_bars":9,"minecraft:cobblestone":2219,"minecraft:enchanting_table":8,"minecraft:cooked_beef":240,"minecraft:iron_door":1,"minecraft:water_bucket":1,"minecraft:andesite":31,"minecraft:smoker":4,"minecraft:potato":47,"minecraft:flint":442,"securitycraft:reinforced_obsidian":3,"spore:living_boots":2,"minecraft:lapis_lazuli":598,"minecraft:dirt":65,"minecraft:name_tag":27,"tacz:ammo_box":16,"minecraft:leather_boots":3,"minecraft:bone":38,"spore:nerves":10,"minecraft:gray_terracotta":102,"minecraft:wheat_seeds":29,"minecraft:raw_gold":11,"minecraft:mossy_stone_bricks":2,"minecraft:glowstone_dust":2,"minecraft:powered_rail":2,"minecraft:moss_block":3,"minecraft:oak_planks":651,"firstaid:plaster":1,"spore:cerebrum":9,"minecraft:black_terracotta":1,"spore:armor_fragment":64,"minecraft:polished_blackstone_slab":1,"minecraft:fermented_spider_eye":11,"minecraft:diamond_block":84,"minecraft:dark_oak_log":35,"last_of_us:noxioustree":42,"minecraft:barrel":4,"spore:claw_fragment":117,"minecraft:light_gray_terracotta":13,"minecraft:diamond":30,"minecraft:cracked_polished_blackstone_bricks":5,"minecraft:crossbow":3,"minecraft:granite":74,"minecraft:golden_apple":1,"minecraft:emerald":227,"minecraft:bread":414,"spore:spine_fragment":22,"minecraft:oak_sapling":2,"minecraft:bricks":2,"minecraft:crafting_table":12,"minecraft:azure_bluet":1,"minecraft:clay_ball":12,"minecraft:splash_potion":5,"minecraft:ladder":9,"minecraft:nether_wart":15,"minecraft:leather_leggings":4,"minecraft:wooden_pickaxe":9,"minecraft:diamond_horse_armor":1,"minecraft:shield":16,"minecraft:cornflower":1,"minecraft:red_bed":1,"minecraft:moss_carpet":2,"minecraft:iron_axe":20,"minecraft:wooden_sword":1,"minecraft:flint_and_steel":2,"tacz:ammo":4453,"minecraft:cracked_stone_bricks":2,"usefulbackpacks:backpack_small":4,"minecraft:music_disc_otherside":5,"spore:combat_pickaxe":6,"minecraft:beef":3,"minecraft:iron_nugget":6,"minecraft:poppy":10,"minecraft:chest":1,"spore:tumor":4,"minecraft:raw_iron":311,"last_of_us:rags":17,"minecraft:copper_ingot":210,"automobility:automobile_assembler":5,"minecraft:polished_blackstone_bricks":6,"minecraft:carrot":9,"minecraft:redstone":32,"last_of_us:rock":3,"minecraft:dark_oak_planks":15,"minecraft:arrow":4,"minecraft:cooked_cod":5,"minecraft:hay_block":3,"minecraft:saddle":6,"minecraft:gold_ingot":51,"spore:greatsword":5,"firstaid:bandage":327,"minecraft:polished_blackstone":10,"minecraft:brick_stairs":95,"minecraft:glow_berries":22,"spore:tendons":16,"minecraft:mutton":8,"minecraft:rail":11,"minecraft:oxeye_daisy":1,"securitycraft:admin_tool":1,"spore:altered_spleen":2,"minecraft:leather":29,"minecraft:oak_log":336,"minecraft:chainmail_chestplate":5,"minecraft:yellow_bed":3,"minecraft:gunpowder":925,"sanitydim:garland":3,"minecraft:apple":28,"minecraft:stone_bricks":65,"minecraft:kelp":1,"automobility:auto_mechanic_table":1,"minecraft:iron_ingot":467,"minecraft:stone_pickaxe":14,"minecraft:cobweb":128,"spore:mutated_fiber":164,"minecraft:gray_bed":10,"minecraft:iron_sword":22,"minecraft:book":492,"minecraft:smooth_basalt":12,"minecraft:black_candle":7,"spore:living_core":1,"minecraft:daylight_detector":3,"minecraft:yellow_concrete":5,"minecraft:quartz":2,"minecraft:dandelion":8,"minecraft:gravel":33,"minecraft:blast_furnace":5,"minecraft:white_bed":11,"minecraft:spider_eye":1,"usefulbackpacks:backpack_large":7,"minecraft:leather_helmet":7,"minecraft:brick_slab":2,"minecraft:polished_diorite_stairs":2,"minecraft:polished_diorite":2,"minecraft:stone_axe":4,"tacz:modern_kinetic_gun":52,"minecraft:chainmail_leggings":7,"minecraft:iron_helmet":5,"minecraft:damaged_anvil":1,"minecraft:coal":412},"minecraft:dropped":{"minecraft:iron_sword":3,"spore:spine_fragment":5,"minecraft:crossbow":1,"last_of_us:noxioustree":9,"minecraft:leather_helmet":3,"minecraft:music_disc_13":1,"minecraft:cracked_polished_blackstone_bricks":2,"minecraft:dirt":5,"minecraft:polished_diorite_stairs":2,"spore:innards":1,"usefulbackpacks:backpack_small":2,"minecraft:writable_book":1,"minecraft:polished_blackstone_bricks":1,"minecraft:polished_blackstone_slab":1,"minecraft:fermented_spider_eye":3,"last_of_us:noxioussack":11,"minecraft:stone_axe":2,"minecraft:iron_nugget":6,"minecraft:cobbled_deepslate":1,"minecraft:wheat":4,"minecraft:oak_planks":30,"automobility:auto_mechanic_table":1,"spore:corrosive_sack":2,"minecraft:carrot":4,"minecraft:poppy":4,"minecraft:gunpowder":12,"minecraft:quartz_block":1,"automobility:automobile_assembler":2,"minecraft:leather_boots":1,"last_of_us:rags":3,"minecraft:chainmail_boots":1,"minecraft:iron_bars":4,"spore:armor_fragment":14,"tacz:attachment":1,"minecraft:iron_ingot":4,"minecraft:bread":4,"minecraft:wheat_seeds":1,"minecraft:polished_blackstone":6,"minecraft:yellow_concrete":5,"minecraft:cobblestone":88,"minecraft:granite":22,"minecraft:copper_ingot":68,"minecraft:polished_blackstone_stairs":2,"minecraft:stick":2,"minecraft:cobweb":64,"last_of_us:rock":1,"spore:living_boots":1,"tacz:ammo_box":1,"minecraft:diorite":14,"spore:gastric_reagent":2,"minecraft:iron_door":1,"spore:tumor":2,"tacz:modern_kinetic_gun":8,"spore:mutated_heart":2,"minecraft:smooth_stone":5,"minecraft:chainmail_leggings":2,"minecraft:string":4,"minecraft:music_disc_cat":1,"minecraft:bucket":2,"spore:claw_fragment":11,"minecraft:polished_diorite":2,"minecraft:kelp":1,"spore:nerves":5,"minecraft:raw_copper":17,"minecraft:smooth_stone_slab":10,"minecraft:iron_boots":1,"minecraft:damaged_anvil":1,"minecraft:name_tag":4,"spore:mutated_fiber":7,"minecraft:potato":19,"minecraft:shield":2,"minecraft:iron_chestplate":1,"sanitydim:garland":1,"minecraft:mossy_stone_bricks":2,"minecraft:oak_sapling":2,"minecraft:stone_bricks":2,"tacz:ammo":386,"minecraft:wooden_pickaxe":6,"minecraft:stone_pickaxe":4,"minecraft:calcite":13,"spore:living_pants":1},"minecraft:killed":{"last_of_us:bloater":9,"minecraft:spider":1,"last_of_us:clicker":15,"minecraft:axolotl":2,"spore:delusioner":3,"spore:spitter":1,"spore:vigil":2,"spore:inf_player":1,"last_of_us:crawler":3,"minecraft:creeper":8,"last_of_us:stalker":7,"spore:umarmed":1,"spore:inf_villager":6,"minecraft:trader_llama":2,"spore:mound":1,"spore:inf_human":6,"spore:knight":1,"last_of_us:runner":7,"minecraft:horse":1,"spore:griefer":1,"spore:usurper":2,"spore:braurei":1,"last_of_us:shambler":6,"minecraft:rabbit":1,"minecraft:bat":1,"minecraft:frog":1,"spore:inf_pillager":3,"spore:inf_witch":1,"spore:claw":1,"spore:inf_husk":3,"spore:slasher":1},"minecraft:broken":{"sanitydim:garland":2,"minecraft:stone_pickaxe":4,"minecraft:iron_pickaxe":3},"minecraft:killed_by":{"spore:knight":1,"spore:inquisitor":4,"last_of_us:runner":8,"spore:inf_player":3,"spore:inf_villager":2,"last_of_us:stalker":1,"minecraft:player":28,"spore:busser":2,"spore:usurper":1,"last_of_us:clicker":8,"last_of_us:bloater":6,"spore:brot":1},"minecraft:crafted":{"minecraft:oak_planks":128,"minecraft:cooked_mutton":5,"minecraft:iron_boots":1,"minecraft:chest":1,"minecraft:cooked_porkchop":2,"minecraft:crafting_table":5,"minecraft:wooden_pickaxe":2,"minecraft:iron_helmet":1,"minecraft:copper_ingot":89,"minecraft:iron_chestplate":1,"minecraft:shield":1,"minecraft:stick":56,"minecraft:iron_ingot":69,"minecraft:iron_pickaxe":2,"minecraft:iron_block":1,"minecraft:stone_sword":1,"minecraft:wooden_sword":1,"sanitydim:garland":1,"minecraft:iron_axe":1,"minecraft:stone_pickaxe":6,"minecraft:dark_oak_planks":28,"minecraft:wheat":27,"minecraft:cooked_beef":3,"minecraft:iron_sword":1,"tacz:gun_smith_table":1,"minecraft:stone_axe":1,"minecraft:bread":12,"minecraft:air":0,"minecraft:white_wool":9,"minecraft:wooden_axe":1,"firstaid:bandage":3,"minecraft:iron_leggings":1,"minecraft:torch":80}},"DataVersion":3465}