{"stats":{"minecraft:dropped":{"minecraft:bread":1,"minecraft:iron_sword":1,"minecraft:feather":5,"minecraft:cobblestone":6,"minecraft:leather":1,"minecraft:granite":21,"minecraft:cracked_stone_bricks":7,"minecraft:saddle":1,"minecraft:acacia_log":9,"minecraft:coal":3,"minecraft:stick":7,"minecraft:dirt":4,"minecraft:diorite":9,"minecraft:torch":2,"minecraft:string":1,"minecraft:acacia_planks":6,"minecraft:bone":1,"minecraft:redstone":1,"minecraft:gravel":6,"minecraft:bowl":2,"minecraft:diamond_hoe":1,"minecraft:chicken":3,"minecraft:rotten_flesh":14,"minecraft:oak_planks":5,"minecraft:stone_stairs":2,"minecraft:mossy_stone_bricks":1,"minecraft:acacia_sapling":1,"minecraft:oak_sapling":7,"minecraft:stone_bricks":13,"minecraft:stone_pickaxe":1},"minecraft:broken":{"minecraft:iron_pickaxe":1},"minecraft:killed":{"last_of_us:runner":1,"last_of_us:clicker":2,"minecraft:creeper":1,"spore:inf_human":1},"minecraft:custom":{"minecraft:mob_kills":5,"minecraft:interact_with_crafting_table":11,"minecraft:open_barrel":2,"minecraft:time_since_death":140,"minecraft:climb_one_cm":41964,"minecraft:sprint_one_cm":271164,"minecraft:walk_one_cm":245613,"minecraft:drop":136,"minecraft:play_time":100419,"minecraft:deaths":32,"minecraft:sneak_time":4292,"minecraft:walk_under_water_one_cm":10750,"minecraft:jump":1696,"minecraft:interact_with_blast_furnace":16,"minecraft:walk_on_water_one_cm":6168,"minecraft:total_world_time":100419,"minecraft:interact_with_furnace":13,"minecraft:pot_flower":1,"minecraft:time_since_rest":165,"minecraft:damage_taken":7302,"minecraft:damage_dealt":751,"minecraft:player_kills":1,"minecraft:swim_one_cm":2952,"minecraft:fly_one_cm":364430,"minecraft:open_chest":100,"minecraft:crouch_one_cm":8773,"minecraft:fall_one_cm":100487},"minecraft:mined":{"minecraft:jungle_leaves":10,"minecraft:potted_cactus":1,"minecraft:brewing_stand":1,"minecraft:granite":22,"minecraft:acacia_log":17,"minecraft:spruce_leaves":10,"minecraft:light_blue_stained_glass":47,"minecraft:iron_ore":8,"minecraft:anvil":1,"minecraft:enchanting_table":1,"minecraft:vine":6,"minecraft:deepslate_iron_ore":3,"minecraft:iron_bars":6,"minecraft:stone":168,"minecraft:gray_terracotta":25,"minecraft:acacia_leaves":12,"minecraft:glass_pane":2,"minecraft:quartz_block":9,"horror_element_mod:beheaded_body":1,"minecraft:crafting_table":1,"minecraft:light_gray_terracotta":1,"minecraft:tall_grass":1,"minecraft:glass":1,"minecraft:copper_ore":10,"minecraft:cobblestone":1,"minecraft:diorite":9,"minecraft:stone_stairs":2,"minecraft:smooth_stone_slab":3,"minecraft:grass":11,"minecraft:coal_ore":9,"minecraft:gravel":6,"minecraft:cobweb":7,"minecraft:cracked_stone_bricks":13,"minecraft:acacia_planks":1,"minecraft:stone_bricks":27,"minecraft:mossy_stone_bricks":1,"minecraft:oak_leaves":24},"minecraft:killed_by":{"minecraft:creeper":1,"last_of_us:runner":7,"last_of_us:clicker":5,"last_of_us:bloater":1,"last_of_us:stalker":4},"minecraft:used":{"minecraft:chest":5,"minecraft:torch":4,"minecraft:brewing_stand":1,"minecraft:anvil":1,"minecraft:stone_bricks":14,"minecraft:furnace":5,"minecraft:egg":3,"minecraft:acacia_planks":63,"minecraft:stone_pickaxe":83,"minecraft:cracked_stone_bricks":4,"minecraft:crafting_table":2,"minecraft:light_gray_terracotta":1,"minecraft:gray_terracotta":23,"minecraft:flower_pot":1,"minecraft:bread":4,"minecraft:iron_pickaxe":280,"minecraft:suspicious_stew":3,"minecraft:diamond_sword":45,"minecraft:cobblestone":5},"minecraft:crafted":{"minecraft:stone_pickaxe":1,"minecraft:chest":5,"minecraft:crafting_table":1,"tacz:ammo_box":1,"minecraft:copper_ingot":13,"minecraft:air":0,"minecraft:stick":8,"minecraft:iron_ingot":17,"minecraft:iron_pickaxe":1,"minecraft:iron_block":1,"minecraft:acacia_planks":36},"minecraft:picked_up":{"minecraft:crafting_table":3,"spore:mutated_heart":1,"minecraft:anvil":1,"minecraft:chicken":6,"minecraft:ladder":1,"minecraft:flower_pot":1,"minecraft:diamond_sword":4,"minecraft:brewing_stand":1,"minecraft:music_disc_cat":2,"minecraft:string":51,"minecraft:stone_stairs":2,"minecraft:raw_copper":42,"minecraft:smooth_stone_slab":3,"tacz:ammo":360,"minecraft:cracked_stone_bricks":13,"minecraft:iron_pickaxe":3,"minecraft:diamond_hoe":1,"minecraft:furnace":10,"minecraft:egg":7,"minecraft:stick":17,"minecraft:raw_iron":11,"last_of_us:rags":7,"minecraft:bowl":2,"minecraft:torch":6,"minecraft:acacia_log":29,"tacz:attachment":1,"minecraft:diorite":9,"minecraft:redstone":9,"minecraft:quartz_block":9,"minecraft:cactus":1,"minecraft:rotten_flesh":29,"minecraft:gold_ingot":24,"minecraft:saddle":1,"minecraft:iron_bars":6,"minecraft:cobblestone":286,"minecraft:enchanting_table":1,"minecraft:feather":11,"minecraft:leather":1,"minecraft:chainmail_chestplate":4,"minecraft:gunpowder":62,"minecraft:dirt":4,"minecraft:name_tag":9,"minecraft:bone":8,"minecraft:acacia_planks":233,"minecraft:stone_bricks":33,"minecraft:gray_terracotta":23,"minecraft:stone_pickaxe":1,"minecraft:iron_ingot":15,"minecraft:mossy_stone_bricks":1,"minecraft:oak_planks":5,"minecraft:acacia_sapling":1,"minecraft:music_disc_13":3,"minecraft:gravel":6,"last_of_us:noxioustree":2,"minecraft:leather_helmet":1,"minecraft:light_gray_terracotta":1,"tacz:modern_kinetic_gun":3,"minecraft:iron_helmet":3,"minecraft:granite":21,"minecraft:bread":17,"minecraft:emerald":4,"minecraft:oak_sapling":7,"minecraft:coal":10}},"DataVersion":3465}