{"stats":{"minecraft:custom":{"minecraft:interact_with_furnace":1,"minecraft:mob_kills":4,"minecraft:interact_with_crafting_table":7,"minecraft:open_barrel":11,"minecraft:time_since_death":779,"minecraft:climb_one_cm":17283,"minecraft:time_since_rest":804,"minecraft:sprint_one_cm":130410,"minecraft:damage_taken":6382,"minecraft:walk_one_cm":147800,"minecraft:drop":152,"minecraft:damage_dealt":1173,"minecraft:swim_one_cm":881,"minecraft:fly_one_cm":166150,"minecraft:player_kills":3,"minecraft:open_chest":6,"minecraft:crouch_one_cm":115,"minecraft:play_time":45965,"minecraft:deaths":42,"minecraft:sneak_time":230,"minecraft:walk_under_water_one_cm":2536,"minecraft:jump":1045,"minecraft:interact_with_smoker":1,"minecraft:walk_on_water_one_cm":4265,"minecraft:total_world_time":45965,"minecraft:fall_one_cm":27895},"minecraft:used":{"minecraft:calcite":2,"minecraft:red_sand":3,"minecraft:stone_sword":12,"minecraft:stone_pickaxe":54,"minecraft:oak_planks":6,"minecraft:oak_sign":1,"minecraft:wooden_pickaxe":56,"minecraft:dirt":1,"minecraft:crafting_table":3,"minecraft:oak_log":1,"minecraft:wooden_axe":29,"minecraft:stone_bricks":3,"minecraft:stone_axe":2,"minecraft:wooden_sword":18,"minecraft:cobblestone":5,"minecraft:orange_terracotta":1},"minecraft:dropped":{"minecraft:stone_sword":1,"minecraft:raw_copper":95,"minecraft:light_gray_terracotta":14,"minecraft:rotten_flesh":6,"minecraft:apple":1,"minecraft:granite":2,"spore:mutated_fiber":1,"minecraft:white_terracotta":10,"minecraft:stick":2,"minecraft:brick_stairs":1,"minecraft:wooden_sword":1,"minecraft:wooden_pickaxe":1,"spore:mutated_heart":3,"minecraft:string":13,"minecraft:terracotta":1},"minecraft:killed_by":{"spore:inf_player":2,"last_of_us:runner":11,"minecraft:player":1,"last_of_us:clicker":8,"spore:busser":2,"spore:inf_wanderer":1,"last_of_us:bloater":2,"last_of_us:stalker":6},"minecraft:picked_up":{"minecraft:wooden_axe":1,"last_of_us:noxioussack":1,"spore:mutated_heart":5,"minecraft:crafting_table":2,"minecraft:wheat":1,"minecraft:flower_pot":1,"minecraft:wooden_pickaxe":6,"minecraft:oak_log":13,"minecraft:gunpowder":2,"minecraft:dirt":1,"minecraft:string":25,"minecraft:raw_copper":95,"minecraft:wooden_sword":3,"minecraft:orange_terracotta":1,"minecraft:apple":2,"minecraft:oak_sign":3,"minecraft:stone_bricks":3,"minecraft:red_sand":3,"minecraft:oak_fence_gate":3,"minecraft:calcite":2,"spore:mutated_fiber":1,"minecraft:chest":1,"minecraft:oak_planks":20,"minecraft:book":39,"minecraft:stick":18,"last_of_us:rags":2,"minecraft:gravel":4,"minecraft:ink_sac":20,"minecraft:redstone":12,"last_of_us:rock":1,"last_of_us:noxioustree":2,"minecraft:spruce_door":3,"minecraft:light_gray_terracotta":14,"minecraft:cactus":1,"minecraft:rotten_flesh":28,"minecraft:stone_axe":3,"minecraft:granite":2,"minecraft:golden_apple":2,"minecraft:saddle":1,"minecraft:white_terracotta":10,"minecraft:terracotta":1,"minecraft:brick_stairs":1,"minecraft:oak_sapling":4,"minecraft:coal":8,"minecraft:cobblestone":122},"minecraft:mined":{"minecraft:blue_stained_glass_pane":2,"horror_element_mod:dead_pig":2,"minecraft:orange_terracotta":1,"minecraft:blue_stained_glass":10,"minecraft:potted_cactus":1,"minecraft:ladder":1,"minecraft:gray_stained_glass_pane":8,"minecraft:crafting_table":2,"minecraft:light_gray_terracotta":14,"minecraft:granite":2,"minecraft:red_sand":3,"minecraft:calcite":1,"minecraft:chest":1,"minecraft:white_stained_glass_pane":2,"minecraft:brick_stairs":1,"minecraft:dead_bush":7,"minecraft:copper_ore":26,"minecraft:oak_planks":8,"minecraft:oak_wall_sign":1,"minecraft:light_blue_stained_glass":3,"minecraft:white_terracotta":10,"minecraft:bookshelf":13,"minecraft:oak_log":13,"minecraft:coal_ore":2,"minecraft:gravel":1,"minecraft:dirt":1,"minecraft:cobweb":24,"minecraft:terracotta":1,"minecraft:stone_bricks":3,"minecraft:stone":40,"minecraft:oak_leaves":2},"minecraft:crafted":{"minecraft:wooden_sword":2,"minecraft:oak_planks":44,"minecraft:crafting_table":2,"minecraft:wooden_pickaxe":1,"minecraft:stone_axe":1,"minecraft:stick":20,"minecraft:stone_pickaxe":1,"minecraft:wooden_axe":1,"minecraft:stone_sword":2}},"DataVersion":3465}