{"stats":{"minecraft:used":{"minecraft:cooked_mutton":1,"minecraft:diorite":3,"minecraft:iron_bars":1,"minecraft:polished_blackstone":2,"minecraft:stone_pickaxe":248,"minecraft:wooden_pickaxe":21,"minecraft:iron_sword":20,"minecraft:rotten_flesh":7,"minecraft:polished_blackstone_bricks":1,"minecraft:torch":78,"minecraft:crafting_table":3,"minecraft:white_bed":1,"last_of_us:noxioussack":1,"minecraft:gray_terracotta":12,"minecraft:wooden_axe":23,"minecraft:iron_pickaxe":261,"minecraft:stone_axe":6,"minecraft:cobblestone":79,"minecraft:furnace":1,"minecraft:jungle_door":1},"minecraft:custom":{"minecraft:interact_with_furnace":13,"minecraft:mob_kills":8,"minecraft:interact_with_crafting_table":17,"minecraft:leave_game":1,"minecraft:time_since_death":3293,"minecraft:sleep_in_bed":6,"minecraft:climb_one_cm":7697,"minecraft:time_since_rest":3335,"minecraft:sprint_one_cm":354608,"minecraft:damage_taken":4264,"minecraft:walk_one_cm":224280,"minecraft:drop":10,"minecraft:damage_dealt":1513,"minecraft:fly_one_cm":140571,"minecraft:player_kills":6,"minecraft:open_chest":95,"minecraft:crouch_one_cm":36081,"minecraft:play_time":138893,"minecraft:deaths":21,"minecraft:sneak_time":14010,"minecraft:jump":916,"minecraft:interact_with_blast_furnace":14,"minecraft:walk_on_water_one_cm":503,"minecraft:interact_with_smoker":7,"minecraft:total_world_time":138893,"minecraft:fall_one_cm":55738},"minecraft:mined":{"minecraft:light_blue_stained_glass_pane":4,"minecraft:gray_terracotta":4,"minecraft:white_bed":3,"minecraft:blue_stained_glass_pane":4,"minecraft:smoker":2,"minecraft:dandelion":1,"minecraft:crafting_table":4,"minecraft:glow_lichen":1,"minecraft:torch":12,"minecraft:blast_furnace":2,"minecraft:tall_grass":4,"minecraft:spruce_leaves":1,"minecraft:deepslate_coal_ore":3,"minecraft:cobblestone":18,"minecraft:copper_ore":25,"minecraft:deepslate_gold_ore":6,"minecraft:diorite":3,"minecraft:furnace":6,"minecraft:iron_ore":45,"minecraft:andesite":10,"minecraft:anvil":1,"minecraft:deepslate_lapis_ore":4,"minecraft:grass":1,"minecraft:oak_log":8,"minecraft:coal_ore":30,"minecraft:deepslate_iron_ore":6,"minecraft:cobweb":20,"minecraft:polished_blackstone":2,"minecraft:stone":327,"minecraft:gold_ore":5,"minecraft:oak_leaves":4,"minecraft:deepslate":30},"minecraft:picked_up":{"minecraft:wooden_axe":2,"last_of_us:noxioussack":2,"minecraft:birch_door":1,"minecraft:crafting_table":8,"minecraft:anvil":3,"minecraft:andesite":20,"minecraft:smoker":4,"minecraft:wooden_pickaxe":1,"securitycraft:furnace_mine":2,"minecraft:diamond_horse_armor":1,"minecraft:oak_log":52,"spore:sickle_fragment":1,"minecraft:shield":4,"minecraft:gunpowder":14,"minecraft:lapis_lazuli":87,"minecraft:string":36,"minecraft:raw_copper":221,"minecraft:cooked_mutton":1,"tacz:ammo":97,"minecraft:gray_terracotta":30,"minecraft:wheat_seeds":1,"minecraft:cobbled_deepslate":90,"minecraft:raw_gold":33,"minecraft:iron_ingot":68,"minecraft:stone_pickaxe":6,"minecraft:iron_pickaxe":4,"spore:mutated_fiber":54,"minecraft:iron_sword":3,"minecraft:oak_planks":122,"minecraft:iron_boots":1,"minecraft:furnace":12,"firstaid:plaster":2,"minecraft:stick":2,"minecraft:raw_iron":51,"securitycraft:mine":4,"minecraft:jungle_door":1,"spore:plated_muscle":1,"spore:armor_fragment":20,"minecraft:torch":53,"minecraft:dandelion":1,"minecraft:gravel":24,"minecraft:polished_blackstone_bricks":2,"minecraft:blast_furnace":4,"minecraft:diorite":6,"minecraft:white_bed":4,"last_of_us:noxioustree":2,"spore:claw_fragment":16,"minecraft:rotten_flesh":15,"minecraft:stone_axe":4,"tacz:modern_kinetic_gun":4,"minecraft:iron_helmet":2,"minecraft:polished_blackstone":5,"minecraft:coal":64,"minecraft:cobblestone":997},"minecraft:dropped":{"minecraft:wheat_seeds":1,"minecraft:oak_log":30,"minecraft:iron_helmet":2,"minecraft:rotten_flesh":4,"minecraft:gray_terracotta":2,"minecraft:diorite":3,"minecraft:andesite":10,"minecraft:birch_door":1},"minecraft:killed":{"minecraft:creeper":6,"spore:inf_human":1,"spore:knight":1},"minecraft:broken":{"minecraft:iron_pickaxe":1,"minecraft:stone_pickaxe":1},"minecraft:killed_by":{"minecraft:player":7,"last_of_us:clicker":3,"minecraft:pillager":1,"spore:knight":1},"minecraft:crafted":{"securitycraft:mine":3,"minecraft:oak_planks":88,"securitycraft:furnace_mine":1,"minecraft:raw_iron":9,"minecraft:crafting_table":1,"minecraft:wooden_pickaxe":1,"minecraft:iron_sword":1,"minecraft:copper_ingot":16,"firstaid:plaster":1,"minecraft:stone_axe":1,"minecraft:cooked_mutton":1,"minecraft:air":0,"minecraft:white_wool":2,"minecraft:shield":1,"minecraft:stick":40,"minecraft:iron_ingot":51,"minecraft:iron_pickaxe":2,"minecraft:stone_pickaxe":2,"minecraft:wooden_axe":1,"spore:plated_muscle":5,"minecraft:torch":84,"minecraft:raw_iron_block":1}},"DataVersion":3465}