{"stats":{"minecraft:custom":{"minecraft:jump":46,"minecraft:time_since_rest":1392,"minecraft:crouch_one_cm":729,"minecraft:sprint_one_cm":5634,"minecraft:deaths":2,"minecraft:play_time":8501,"minecraft:damage_taken":135,"minecraft:time_since_death":1302,"minecraft:walk_one_cm":4403,"minecraft:sneak_time":387,"minecraft:total_world_time":8501,"minecraft:fall_one_cm":1941,"minecraft:fly_one_cm":8694,"minecraft:open_barrel":2},"minecraft:used":{"minecraft:red_sandstone":1},"minecraft:killed_by":{"minecraft:player":1},"minecraft:picked_up":{"minecraft:red_sand":6},"minecraft:crafted":{"minecraft:red_sandstone":1},"minecraft:mined":{"minecraft:red_sand":6}},"DataVersion":3465}