{"stats":{"minecraft:used":{"spore:cdu":1,"minecraft:iron_bars":1,"minecraft:polished_blackstone":2,"minecraft:ladder":4,"minecraft:iron_sword":61,"minecraft:rotten_flesh":7,"minecraft:iron_chestplate":1,"minecraft:torch":81,"last_of_us:noxioussack":2,"minecraft:wooden_axe":23,"minecraft:quartz_block":3,"minecraft:iron_boots":2,"minecraft:barrel":2,"minecraft:stone_bricks":2,"minecraft:goat_horn":9,"minecraft:furnace":1,"minecraft:cooked_beef":3,"spore:bucket_of_bile":3,"minecraft:cobbled_deepslate":23,"minecraft:enchanted_golden_apple":2,"minecraft:cooked_mutton":7,"minecraft:diorite":3,"minecraft:stone_pickaxe":248,"minecraft:wooden_pickaxe":21,"minecraft:polished_blackstone_bricks":1,"minecraft:glow_berries":2,"minecraft:crafting_table":4,"minecraft:red_bed":1,"minecraft:yellow_concrete":1,"spore:tumor":22,"minecraft:white_bed":4,"minecraft:gray_terracotta":12,"minecraft:iron_pickaxe":303,"minecraft:leather_helmet":1,"minecraft:pink_bed":5,"minecraft:stone_axe":6,"minecraft:cobblestone":201,"minecraft:jungle_door":1,"minecraft:bucket":3,"minecraft:smooth_stone_slab":2,"minecraft:smooth_stone":1},"minecraft:custom":{"minecraft:mob_kills":10,"minecraft:interact_with_crafting_table":19,"minecraft:open_barrel":7,"minecraft:leave_game":5,"minecraft:time_since_death":11086,"minecraft:damage_resisted":55,"minecraft:climb_one_cm":20261,"minecraft:sprint_one_cm":734003,"minecraft:walk_one_cm":510150,"minecraft:drop":76,"minecraft:play_time":274975,"minecraft:deaths":38,"minecraft:sneak_time":25234,"minecraft:walk_under_water_one_cm":8682,"minecraft:jump":2525,"minecraft:interact_with_blast_furnace":17,"minecraft:walk_on_water_one_cm":3964,"minecraft:total_world_time":274975,"minecraft:interact_with_furnace":17,"minecraft:sleep_in_bed":12,"minecraft:time_since_rest":8007,"minecraft:damage_taken":7480,"minecraft:damage_dealt":2903,"minecraft:player_kills":13,"minecraft:swim_one_cm":5806,"minecraft:fly_one_cm":484424,"minecraft:open_chest":176,"minecraft:crouch_one_cm":65250,"minecraft:interact_with_smoker":8,"minecraft:fall_one_cm":76628},"minecraft:mined":{"minecraft:light_blue_stained_glass_pane":4,"minecraft:white_bed":5,"minecraft:blue_stained_glass_pane":4,"minecraft:pink_bed":11,"minecraft:glow_lichen":1,"minecraft:spruce_leaves":1,"minecraft:smooth_stone":1,"minecraft:furnace":6,"minecraft:iron_ore":45,"minecraft:andesite":10,"minecraft:deepslate_lapis_ore":4,"minecraft:anvil":1,"minecraft:deepslate_iron_ore":6,"minecraft:stone":328,"minecraft:gray_terracotta":4,"minecraft:quartz_block":3,"minecraft:smoker":2,"minecraft:dandelion":1,"minecraft:powder_snow":29,"minecraft:crafting_table":4,"minecraft:torch":13,"minecraft:blast_furnace":2,"minecraft:emerald_ore":1,"minecraft:gray_stained_glass":3,"last_of_us:noxioussack":2,"minecraft:tall_grass":4,"minecraft:copper_ore":26,"minecraft:cobblestone":33,"minecraft:deepslate_coal_ore":3,"minecraft:deepslate_gold_ore":6,"minecraft:diorite":3,"minecraft:smooth_stone_slab":2,"minecraft:grass":9,"minecraft:oak_log":8,"minecraft:coal_ore":41,"minecraft:dirt":1,"minecraft:yellow_concrete":1,"minecraft:cobweb":42,"minecraft:stone_bricks":3,"minecraft:polished_blackstone":2,"minecraft:gold_ore":5,"minecraft:oak_leaves":4,"minecraft:deepslate":30},"minecraft:picked_up":{"minecraft:wooden_axe":2,"last_of_us:noxioussack":7,"minecraft:crafting_table":9,"minecraft:iron_chestplate":9,"minecraft:birch_door":1,"minecraft:wheat":3,"minecraft:ladder":3,"minecraft:anvil":17,"minecraft:wooden_pickaxe":1,"securitycraft:furnace_mine":2,"minecraft:diamond_horse_armor":8,"spore:sickle_fragment":1,"minecraft:shield":13,"minecraft:music_disc_cat":3,"minecraft:string":64,"spore:saber":1,"minecraft:raw_copper":650,"minecraft:smooth_stone_slab":2,"tacz:ammo":880,"minecraft:cracked_stone_bricks":4,"minecraft:cobbled_deepslate":248,"minecraft:smooth_stone":1,"minecraft:bucket":2,"spore:combat_pickaxe":1,"minecraft:iron_pickaxe":15,"minecraft:enchanted_golden_apple":4,"minecraft:iron_boots":4,"minecraft:furnace":12,"spore:tumor":52,"minecraft:stick":2,"minecraft:raw_iron":51,"last_of_us:rags":19,"minecraft:jungle_door":1,"spore:plated_muscle":1,"minecraft:torch":284,"automobility:automobile_assembler":1,"minecraft:polished_blackstone_bricks":2,"tacz:attachment":1,"minecraft:diorite":6,"spore:bucket_of_bile":1,"last_of_us:rock":1,"minecraft:goat_horn":4,"minecraft:quartz_block":11,"minecraft:rotten_flesh":47,"minecraft:gold_ingot":84,"firstaid:bandage":128,"minecraft:polished_blackstone":5,"minecraft:glow_berries":8,"spore:tendons":15,"minecraft:skeleton_skull":3,"minecraft:cobblestone":1702,"spore:cdu":1,"minecraft:cooked_beef":439,"minecraft:andesite":20,"minecraft:leather":161,"minecraft:smoker":10,"minecraft:oak_log":87,"minecraft:gunpowder":178,"minecraft:lapis_lazuli":300,"minecraft:paper":5,"minecraft:dirt":3,"tacz:ammo_box":1,"minecraft:name_tag":2,"minecraft:leather_boots":2,"minecraft:cooked_mutton":239,"minecraft:apple":3,"minecraft:stone_bricks":5,"minecraft:gray_terracotta":30,"minecraft:wheat_seeds":2,"minecraft:raw_gold":110,"minecraft:stone_pickaxe":15,"minecraft:iron_ingot":68,"spore:mutated_fiber":280,"minecraft:iron_sword":14,"minecraft:oak_planks":392,"firstaid:plaster":3,"minecraft:pink_bed":5,"spore:cerebrum":2,"securitycraft:mine":4,"minecraft:yellow_concrete":1,"spore:armor_fragment":32,"minecraft:dandelion":1,"minecraft:gravel":24,"minecraft:blast_furnace":4,"minecraft:white_bed":8,"minecraft:diamond_block":5,"minecraft:dark_oak_log":7,"last_of_us:noxioustree":14,"minecraft:spider_eye":2,"minecraft:leather_helmet":4,"usefulbackpacks:backpack_large":1,"spore:claw_fragment":16,"minecraft:diamond":4,"minecraft:stone_axe":11,"tacz:modern_kinetic_gun":29,"minecraft:chainmail_leggings":4,"minecraft:iron_helmet":2,"minecraft:emerald":27,"minecraft:bread":135,"minecraft:coal":85,"spore:mutated_heart":2},"minecraft:dropped":{"minecraft:bread":127,"minecraft:wheat_seeds":2,"minecraft:oak_log":57,"spore:combat_pickaxe":1,"minecraft:iron_helmet":2,"minecraft:cobblestone":93,"last_of_us:noxioustree":11,"spore:tendons":3,"minecraft:cracked_stone_bricks":4,"tacz:ammo_box":1,"firstaid:bandage":35,"minecraft:dark_oak_log":7,"minecraft:diorite":3,"tacz:modern_kinetic_gun":4,"spore:mutated_heart":1,"minecraft:iron_pickaxe":2,"minecraft:paper":3,"minecraft:string":2,"minecraft:bucket":1,"spore:saber":1,"usefulbackpacks:backpack_large":1,"last_of_us:noxioussack":4,"securitycraft:admin_tool":1,"minecraft:rotten_flesh":4,"minecraft:enchanted_golden_apple":2,"spore:cerebrum":1,"spore:mutated_fiber":50,"minecraft:gray_terracotta":2,"minecraft:shield":1,"minecraft:gunpowder":1,"minecraft:iron_chestplate":5,"minecraft:quartz_block":8,"minecraft:andesite":10,"automobility:automobile_assembler":1,"minecraft:birch_door":1,"last_of_us:rags":4,"minecraft:spider_eye":1,"minecraft:stone_bricks":1,"tacz:ammo":150},"minecraft:killed":{"last_of_us:shambler":1,"minecraft:creeper":6,"spore:inf_human":2,"spore:knight":1},"minecraft:broken":{"minecraft:stone_pickaxe":1,"minecraft:leather_boots":1,"minecraft:iron_pickaxe":1,"last_of_us:rock":1},"minecraft:killed_by":{"minecraft:player":13,"minecraft:pillager":1,"spore:knight":1,"last_of_us:runner":2,"sanitydim:sneaking_terror":1,"last_of_us:clicker":4,"last_of_us:bloater":1,"last_of_us:stalker":2},"minecraft:crafted":{"securitycraft:mine":3,"minecraft:oak_planks":120,"minecraft:raw_iron":9,"securitycraft:furnace_mine":1,"firstaid:plaster":4,"minecraft:cooked_mutton":1,"minecraft:iron_boots":1,"minecraft:stone_pickaxe":3,"minecraft:raw_iron_block":1,"minecraft:crafting_table":1,"minecraft:wooden_pickaxe":1,"minecraft:iron_sword":1,"minecraft:copper_ingot":18,"minecraft:stone_axe":1,"minecraft:air":0,"minecraft:white_wool":8,"minecraft:shield":1,"minecraft:iron_pickaxe":2,"minecraft:stick":40,"minecraft:iron_ingot":51,"minecraft:wooden_axe":1,"spore:plated_muscle":5,"minecraft:torch":84}},"DataVersion":3465}