{"stats":{"minecraft:used":{"minecraft:cooked_mutton":1,"minecraft:stone_pickaxe":119,"minecraft:wooden_pickaxe":21,"minecraft:rotten_flesh":1,"minecraft:polished_blackstone_bricks":1,"minecraft:torch":24,"minecraft:crafting_table":2,"minecraft:white_bed":1,"last_of_us:noxioussack":1,"minecraft:gray_terracotta":11,"minecraft:wooden_axe":23,"minecraft:stone_axe":3,"minecraft:cobblestone":55,"minecraft:jungle_door":1},"minecraft:custom":{"minecraft:interact_with_furnace":2,"minecraft:mob_kills":5,"minecraft:interact_with_crafting_table":11,"minecraft:leave_game":1,"minecraft:time_since_death":1275,"minecraft:sleep_in_bed":6,"minecraft:climb_one_cm":7681,"minecraft:time_since_rest":1305,"minecraft:sprint_one_cm":206476,"minecraft:damage_taken":4078,"minecraft:walk_one_cm":130119,"minecraft:drop":3,"minecraft:damage_dealt":1513,"minecraft:fly_one_cm":83061,"minecraft:player_kills":6,"minecraft:open_chest":86,"minecraft:crouch_one_cm":19005,"minecraft:play_time":90893,"minecraft:deaths":19,"minecraft:sneak_time":7474,"minecraft:jump":604,"minecraft:interact_with_blast_furnace":12,"minecraft:walk_on_water_one_cm":503,"minecraft:interact_with_smoker":5,"minecraft:total_world_time":90893,"minecraft:fall_one_cm":52097},"minecraft:mined":{"minecraft:light_blue_stained_glass_pane":2,"minecraft:gray_terracotta":1,"minecraft:white_bed":2,"minecraft:blue_stained_glass_pane":2,"minecraft:dandelion":1,"minecraft:crafting_table":3,"minecraft:torch":10,"minecraft:copper_ore":8,"minecraft:furnace":1,"minecraft:iron_ore":13,"minecraft:oak_log":8,"minecraft:coal_ore":8,"minecraft:stone":109},"minecraft:picked_up":{"minecraft:wooden_axe":2,"last_of_us:noxioussack":2,"minecraft:crafting_table":5,"minecraft:wooden_pickaxe":1,"minecraft:oak_log":37,"minecraft:shield":2,"minecraft:gunpowder":4,"minecraft:raw_copper":38,"minecraft:cooked_mutton":1,"minecraft:gray_terracotta":25,"minecraft:stone_pickaxe":6,"minecraft:iron_pickaxe":2,"spore:mutated_fiber":53,"minecraft:iron_sword":1,"minecraft:oak_planks":38,"minecraft:iron_boots":1,"minecraft:furnace":3,"minecraft:stick":2,"minecraft:raw_iron":13,"minecraft:jungle_door":1,"spore:plated_muscle":1,"spore:armor_fragment":16,"minecraft:torch":33,"minecraft:dandelion":1,"minecraft:gravel":24,"minecraft:polished_blackstone_bricks":2,"minecraft:white_bed":1,"last_of_us:noxioustree":2,"spore:claw_fragment":16,"minecraft:rotten_flesh":1,"minecraft:stone_axe":2,"tacz:modern_kinetic_gun":1,"minecraft:iron_helmet":2,"minecraft:polished_blackstone":3,"minecraft:coal":10,"minecraft:cobblestone":340},"minecraft:dropped":{"minecraft:iron_helmet":2,"minecraft:rotten_flesh":4},"minecraft:killed":{"minecraft:creeper":4,"spore:knight":1},"minecraft:killed_by":{"minecraft:player":7,"last_of_us:clicker":2,"minecraft:pillager":1,"spore:knight":1},"minecraft:crafted":{"minecraft:oak_planks":88,"minecraft:raw_iron":9,"minecraft:wooden_pickaxe":1,"minecraft:iron_sword":1,"minecraft:copper_ingot":16,"minecraft:stone_axe":1,"minecraft:cooked_mutton":1,"minecraft:air":0,"minecraft:shield":1,"minecraft:stick":20,"minecraft:iron_ingot":13,"minecraft:iron_pickaxe":1,"minecraft:stone_pickaxe":2,"minecraft:wooden_axe":1,"spore:plated_muscle":1,"minecraft:torch":24,"minecraft:raw_iron_block":1}},"DataVersion":3465}