{"stats":{"minecraft:custom":{"minecraft:time_since_rest":2825,"minecraft:sprint_one_cm":95588,"minecraft:damage_taken":2937,"minecraft:walk_one_cm":53469,"minecraft:mob_kills":2,"minecraft:drop":5,"minecraft:damage_dealt":613,"minecraft:interact_with_crafting_table":2,"minecraft:swim_one_cm":41542,"minecraft:fly_one_cm":208961,"minecraft:player_kills":1,"minecraft:open_barrel":6,"minecraft:crouch_one_cm":11210,"minecraft:play_time":44501,"minecraft:deaths":18,"minecraft:sneak_time":4484,"minecraft:walk_under_water_one_cm":2107,"minecraft:jump":972,"minecraft:sleep_in_bed":1,"minecraft:time_since_death":2792,"minecraft:walk_on_water_one_cm":13471,"minecraft:climb_one_cm":8527,"minecraft:total_world_time":44501,"minecraft:fall_one_cm":37465},"minecraft:used":{"minecraft:oak_log":3,"minecraft:flowering_azalea":1,"minecraft:wooden_axe":43,"minecraft:red_sandstone":1,"minecraft:oak_planks":1,"minecraft:wooden_pickaxe":9,"minecraft:rotten_flesh":1,"minecraft:crafting_table":1,"last_of_us:noxioussack":1},"minecraft:dropped":{"minecraft:ink_sac":2,"minecraft:apple":1,"minecraft:wooden_pickaxe":1,"minecraft:stick":2},"minecraft:killed":{"last_of_us:clicker":1,"last_of_us:runner":1},"minecraft:killed_by":{"last_of_us:runner":4,"spore:inf_player":2,"minecraft:player":3,"last_of_us:clicker":3,"minecraft:enderman":1},"minecraft:picked_up":{"minecraft:wooden_axe":1,"last_of_us:noxioussack":1,"minecraft:crafting_table":1,"minecraft:stick":12,"spore:mutated_heart":1,"minecraft:air":0,"minecraft:cooked_beef":16,"minecraft:green_bed":1,"minecraft:wooden_pickaxe":2,"minecraft:oak_log":40,"minecraft:ink_sac":2,"minecraft:redstone":4,"minecraft:barrel":2,"minecraft:string":5,"minecraft:rotten_flesh":15,"minecraft:apple":1,"minecraft:red_sand":6,"minecraft:cobweb":54,"minecraft:golden_apple":1,"minecraft:oak_sapling":2,"minecraft:sugar_cane":1,"minecraft:flowering_azalea":1,"minecraft:oak_planks":47,"minecraft:cobblestone":9},"minecraft:mined":{"minecraft:red_bed":1,"minecraft:barrel":2,"minecraft:blue_stained_glass":2,"minecraft:crafting_table":1,"minecraft:red_sand":6,"minecraft:oak_log":37,"minecraft:dead_bush":2,"minecraft:azalea_leaves":2,"minecraft:stone":9,"minecraft:sugar_cane":1,"minecraft:oak_planks":13,"minecraft:oak_leaves":7,"minecraft:green_bed":1},"minecraft:crafted":{"minecraft:oak_planks":136,"minecraft:crafting_table":2,"minecraft:stick":4,"minecraft:wooden_pickaxe":2,"minecraft:wooden_axe":2,"minecraft:red_sandstone":1}},"DataVersion":3465}