{"stats":{"minecraft:used":{"minecraft:rotten_flesh":1},"minecraft:mined":{"minecraft:light_blue_stained_glass_pane":2},"minecraft:custom":{"minecraft:time_since_rest":1563,"minecraft:open_chest":46,"minecraft:crouch_one_cm":3914,"minecraft:interact_with_furnace":2,"minecraft:sprint_one_cm":65607,"minecraft:play_time":42893,"minecraft:deaths":3,"minecraft:damage_taken":1005,"minecraft:walk_one_cm":29318,"minecraft:sneak_time":1530,"minecraft:drop":1,"minecraft:jump":109,"minecraft:interact_with_blast_furnace":2,"minecraft:leave_game":1,"minecraft:time_since_death":1522,"minecraft:sleep_in_bed":2,"minecraft:climb_one_cm":3331,"minecraft:interact_with_smoker":5,"minecraft:total_world_time":42893,"minecraft:fall_one_cm":18619,"minecraft:fly_one_cm":20140},"minecraft:dropped":{"minecraft:rotten_flesh":4},"minecraft:killed_by":{"minecraft:player":1},"minecraft:crafted":{"minecraft:air":0,"minecraft:cooked_mutton":1}},"DataVersion":3465}