{"stats":{"minecraft:mined":{"minecraft:light_blue_stained_glass_pane":2},"minecraft:custom":{"minecraft:jump":17,"minecraft:open_chest":10,"minecraft:time_since_rest":1023,"minecraft:crouch_one_cm":1144,"minecraft:deaths":1,"minecraft:sprint_one_cm":13114,"minecraft:play_time":7097,"minecraft:damage_taken":335,"minecraft:time_since_death":1743,"minecraft:walk_one_cm":13040,"minecraft:sleep_in_bed":1,"minecraft:sneak_time":539,"minecraft:climb_one_cm":525,"minecraft:total_world_time":7097,"minecraft:fall_one_cm":2425,"minecraft:fly_one_cm":942},"minecraft:killed_by":{"minecraft:player":1}},"DataVersion":3465}