{"stats":{"minecraft:used":{"minecraft:cooked_mutton":1,"minecraft:diorite":3,"minecraft:iron_bars":1,"minecraft:polished_blackstone":2,"minecraft:stone_pickaxe":248,"minecraft:wooden_pickaxe":21,"minecraft:iron_sword":12,"minecraft:rotten_flesh":7,"minecraft:polished_blackstone_bricks":1,"minecraft:torch":77,"minecraft:crafting_table":3,"minecraft:white_bed":1,"last_of_us:noxioussack":1,"minecraft:gray_terracotta":12,"minecraft:wooden_axe":23,"minecraft:iron_pickaxe":253,"minecraft:stone_axe":5,"minecraft:cobblestone":79,"minecraft:furnace":1,"minecraft:jungle_door":1},"minecraft:custom":{"minecraft:interact_with_furnace":12,"minecraft:mob_kills":8,"minecraft:interact_with_crafting_table":16,"minecraft:leave_game":1,"minecraft:time_since_death":37275,"minecraft:sleep_in_bed":6,"minecraft:climb_one_cm":7681,"minecraft:time_since_rest":37305,"minecraft:sprint_one_cm":299551,"minecraft:damage_taken":4098,"minecraft:walk_one_cm":205997,"minecraft:drop":6,"minecraft:damage_dealt":1513,"minecraft:fly_one_cm":112017,"minecraft:player_kills":6,"minecraft:open_chest":92,"minecraft:crouch_one_cm":34148,"minecraft:play_time":126893,"minecraft:deaths":19,"minecraft:sneak_time":13390,"minecraft:jump":834,"minecraft:interact_with_blast_furnace":14,"minecraft:walk_on_water_one_cm":503,"minecraft:interact_with_smoker":6,"minecraft:total_world_time":126893,"minecraft:fall_one_cm":53686},"minecraft:mined":{"minecraft:light_blue_stained_glass_pane":4,"minecraft:gray_terracotta":4,"minecraft:white_bed":2,"minecraft:blue_stained_glass_pane":4,"minecraft:dandelion":1,"minecraft:crafting_table":4,"minecraft:glow_lichen":1,"minecraft:torch":12,"minecraft:deepslate_coal_ore":3,"minecraft:cobblestone":18,"minecraft:copper_ore":25,"minecraft:deepslate_gold_ore":6,"minecraft:diorite":3,"minecraft:furnace":3,"minecraft:iron_ore":45,"minecraft:andesite":10,"minecraft:deepslate_lapis_ore":4,"minecraft:oak_log":8,"minecraft:coal_ore":30,"minecraft:deepslate_iron_ore":6,"minecraft:cobweb":12,"minecraft:polished_blackstone":2,"minecraft:stone":327,"minecraft:gold_ore":5,"minecraft:deepslate":30},"minecraft:picked_up":{"minecraft:wooden_axe":2,"last_of_us:noxioussack":2,"minecraft:crafting_table":6,"minecraft:andesite":10,"minecraft:wooden_pickaxe":1,"minecraft:oak_log":52,"minecraft:shield":2,"minecraft:gunpowder":8,"minecraft:lapis_lazuli":29,"minecraft:string":12,"minecraft:raw_copper":99,"minecraft:cooked_mutton":1,"tacz:ammo":49,"minecraft:gray_terracotta":28,"minecraft:cobbled_deepslate":30,"minecraft:raw_gold":11,"minecraft:stone_pickaxe":6,"minecraft:iron_pickaxe":2,"spore:mutated_fiber":53,"minecraft:iron_sword":1,"minecraft:oak_planks":38,"minecraft:iron_boots":1,"minecraft:furnace":5,"minecraft:stick":2,"minecraft:raw_iron":51,"minecraft:jungle_door":1,"spore:plated_muscle":1,"spore:armor_fragment":16,"minecraft:torch":35,"minecraft:dandelion":1,"minecraft:gravel":24,"minecraft:polished_blackstone_bricks":2,"minecraft:diorite":6,"minecraft:white_bed":1,"last_of_us:noxioustree":2,"spore:claw_fragment":16,"minecraft:rotten_flesh":1,"minecraft:stone_axe":2,"tacz:modern_kinetic_gun":2,"minecraft:iron_helmet":2,"minecraft:polished_blackstone":5,"minecraft:coal":40,"minecraft:cobblestone":575},"minecraft:dropped":{"minecraft:oak_log":30,"minecraft:iron_helmet":2,"minecraft:rotten_flesh":4,"minecraft:diorite":3},"minecraft:killed":{"minecraft:creeper":6,"spore:inf_human":1,"spore:knight":1},"minecraft:broken":{"minecraft:iron_pickaxe":1,"minecraft:stone_pickaxe":1},"minecraft:killed_by":{"minecraft:player":7,"last_of_us:clicker":2,"minecraft:pillager":1,"spore:knight":1},"minecraft:crafted":{"securitycraft:mine":3,"minecraft:oak_planks":88,"securitycraft:furnace_mine":1,"minecraft:raw_iron":9,"minecraft:crafting_table":1,"minecraft:wooden_pickaxe":1,"minecraft:iron_sword":1,"minecraft:copper_ingot":16,"firstaid:plaster":1,"minecraft:stone_axe":1,"minecraft:cooked_mutton":1,"minecraft:air":0,"minecraft:white_wool":2,"minecraft:shield":1,"minecraft:stick":40,"minecraft:iron_ingot":51,"minecraft:iron_pickaxe":2,"minecraft:stone_pickaxe":2,"minecraft:wooden_axe":1,"spore:plated_muscle":5,"minecraft:torch":84,"minecraft:raw_iron_block":1}},"DataVersion":3465}