{"stats":{"minecraft:used":{"minecraft:cooked_mutton":1,"minecraft:iron_bars":1,"minecraft:polished_blackstone":2,"minecraft:stone_pickaxe":248,"minecraft:wooden_pickaxe":21,"minecraft:iron_sword":12,"minecraft:rotten_flesh":7,"minecraft:polished_blackstone_bricks":1,"minecraft:torch":70,"minecraft:crafting_table":3,"minecraft:white_bed":1,"last_of_us:noxioussack":1,"minecraft:gray_terracotta":12,"minecraft:wooden_axe":23,"minecraft:iron_pickaxe":203,"minecraft:stone_axe":3,"minecraft:cobblestone":57,"minecraft:furnace":1,"minecraft:jungle_door":1},"minecraft:custom":{"minecraft:interact_with_furnace":2,"minecraft:mob_kills":7,"minecraft:interact_with_crafting_table":14,"minecraft:leave_game":1,"minecraft:time_since_death":25275,"minecraft:sleep_in_bed":6,"minecraft:climb_one_cm":7681,"minecraft:time_since_rest":25305,"minecraft:sprint_one_cm":288744,"minecraft:damage_taken":4078,"minecraft:walk_one_cm":194157,"minecraft:drop":5,"minecraft:damage_dealt":1513,"minecraft:fly_one_cm":109747,"minecraft:player_kills":6,"minecraft:open_chest":92,"minecraft:crouch_one_cm":31545,"minecraft:play_time":114893,"minecraft:deaths":19,"minecraft:sneak_time":11842,"minecraft:jump":800,"minecraft:interact_with_blast_furnace":14,"minecraft:walk_on_water_one_cm":503,"minecraft:interact_with_smoker":6,"minecraft:total_world_time":114893,"minecraft:fall_one_cm":53142},"minecraft:mined":{"minecraft:light_blue_stained_glass_pane":4,"minecraft:gray_terracotta":4,"minecraft:white_bed":2,"minecraft:blue_stained_glass_pane":4,"minecraft:dandelion":1,"minecraft:crafting_table":3,"minecraft:torch":10,"minecraft:deepslate_coal_ore":3,"minecraft:cobblestone":11,"minecraft:copper_ore":25,"minecraft:deepslate_gold_ore":3,"minecraft:furnace":2,"minecraft:iron_ore":31,"minecraft:andesite":10,"minecraft:oak_log":8,"minecraft:coal_ore":30,"minecraft:deepslate_iron_ore":1,"minecraft:cobweb":12,"minecraft:polished_blackstone":2,"minecraft:stone":323,"minecraft:gold_ore":3,"minecraft:deepslate":24},"minecraft:picked_up":{"minecraft:wooden_axe":2,"last_of_us:noxioussack":2,"minecraft:crafting_table":5,"minecraft:andesite":10,"minecraft:wooden_pickaxe":1,"minecraft:oak_log":52,"minecraft:shield":2,"minecraft:gunpowder":6,"minecraft:string":12,"minecraft:raw_copper":99,"minecraft:cooked_mutton":1,"tacz:ammo":49,"minecraft:gray_terracotta":28,"minecraft:cobbled_deepslate":24,"minecraft:raw_gold":6,"minecraft:stone_pickaxe":6,"minecraft:iron_pickaxe":2,"spore:mutated_fiber":53,"minecraft:iron_sword":1,"minecraft:oak_planks":38,"minecraft:iron_boots":1,"minecraft:furnace":4,"minecraft:stick":2,"minecraft:raw_iron":32,"minecraft:jungle_door":1,"spore:plated_muscle":1,"spore:armor_fragment":16,"minecraft:torch":33,"minecraft:dandelion":1,"minecraft:gravel":24,"minecraft:polished_blackstone_bricks":2,"minecraft:white_bed":1,"last_of_us:noxioustree":2,"spore:claw_fragment":16,"minecraft:rotten_flesh":1,"minecraft:stone_axe":2,"tacz:modern_kinetic_gun":2,"minecraft:iron_helmet":2,"minecraft:polished_blackstone":5,"minecraft:coal":35,"minecraft:cobblestone":564},"minecraft:dropped":{"minecraft:oak_log":30,"minecraft:iron_helmet":2,"minecraft:rotten_flesh":4},"minecraft:killed":{"minecraft:creeper":5,"spore:inf_human":1,"spore:knight":1},"minecraft:broken":{"minecraft:stone_pickaxe":1},"minecraft:killed_by":{"minecraft:player":7,"last_of_us:clicker":2,"minecraft:pillager":1,"spore:knight":1},"minecraft:crafted":{"minecraft:oak_planks":88,"minecraft:raw_iron":9,"minecraft:crafting_table":1,"minecraft:wooden_pickaxe":1,"minecraft:iron_sword":1,"minecraft:copper_ingot":16,"firstaid:plaster":1,"minecraft:stone_axe":1,"minecraft:cooked_mutton":1,"minecraft:air":0,"minecraft:white_wool":2,"minecraft:shield":1,"minecraft:stick":36,"minecraft:iron_ingot":13,"minecraft:iron_pickaxe":1,"minecraft:stone_pickaxe":2,"minecraft:wooden_axe":1,"spore:plated_muscle":5,"minecraft:torch":76,"minecraft:raw_iron_block":1}},"DataVersion":3465}