{"stats":{"minecraft:used":{"minecraft:amethyst_block":9,"minecraft:writable_book":1,"minecraft:flint_and_steel":3,"minecraft:oak_planks":1,"minecraft:iron_sword":13,"minecraft:rotten_flesh":1,"minecraft:torch":37,"minecraft:glow_berries":38,"minecraft:crafting_table":1,"minecraft:granite":1,"minecraft:dark_oak_planks":1,"minecraft:bread":3,"minecraft:iron_pickaxe":219,"minecraft:iron_helmet":1,"minecraft:stone_bricks":1,"minecraft:diamond_chestplate":1,"minecraft:potion":4,"minecraft:coal_block":2,"minecraft:cobblestone":22,"minecraft:smooth_stone_slab":2,"minecraft:oak_sapling":1,"minecraft:andesite":1},"minecraft:custom":{"minecraft:interact_with_furnace":14,"minecraft:mob_kills":12,"minecraft:interact_with_crafting_table":3,"minecraft:open_barrel":53,"minecraft:leave_game":1,"minecraft:time_since_death":19698,"minecraft:sleep_in_bed":3,"minecraft:climb_one_cm":18035,"minecraft:time_since_rest":6683,"minecraft:sprint_one_cm":339247,"minecraft:damage_taken":2242,"minecraft:walk_one_cm":343449,"minecraft:drop":26,"minecraft:damage_dealt":439,"minecraft:swim_one_cm":702,"minecraft:fly_one_cm":231643,"minecraft:open_chest":51,"minecraft:crouch_one_cm":11707,"minecraft:play_time":109394,"minecraft:deaths":11,"minecraft:sneak_time":4272,"minecraft:walk_under_water_one_cm":2889,"minecraft:interact_with_blast_furnace":21,"minecraft:jump":1570,"minecraft:walk_on_water_one_cm":14230,"minecraft:total_world_time":109394,"minecraft:fall_one_cm":31173},"minecraft:picked_up":{"minecraft:charcoal":54,"minecraft:wheat":1,"minecraft:ladder":1,"minecraft:clay_ball":12,"minecraft:glow_ink_sac":2,"minecraft:andesite":1,"minecraft:potion":1,"minecraft:flint":188,"minecraft:oak_log":6,"spore:living_boots":2,"minecraft:gunpowder":7,"minecraft:amethyst_block":20,"minecraft:smooth_stone_slab":2,"minecraft:string":13,"minecraft:raw_copper":721,"minecraft:name_tag":2,"minecraft:flint_and_steel":9,"minecraft:iron_leggings":5,"tacz:ammo":236,"minecraft:bone":36,"minecraft:apple":1,"minecraft:stone_bricks":4,"minecraft:cracked_stone_bricks":1,"minecraft:bucket":3,"minecraft:spruce_planks":326,"minecraft:iron_ingot":347,"minecraft:calcite":13,"spore:mutated_fiber":11,"minecraft:iron_pickaxe":5,"minecraft:coal_block":30,"minecraft:oak_planks":1,"minecraft:iron_sword":5,"minecraft:diamond_hoe":2,"minecraft:iron_boots":3,"minecraft:smooth_basalt":1,"minecraft:raw_iron":16,"minecraft:stick":4,"spore:armor_fragment":1,"minecraft:torch":48,"minecraft:amethyst_shard":16,"minecraft:arrow":6,"last_of_us:noxioustree":8,"minecraft:spider_eye":1,"minecraft:dark_oak_planks":1,"minecraft:diamond_chestplate":6,"minecraft:slime_ball":93,"minecraft:diamond":26,"minecraft:vex_armor_trim_smithing_template":1,"tacz:modern_kinetic_gun":11,"minecraft:golden_apple":1,"minecraft:writable_book":3,"minecraft:iron_helmet":5,"minecraft:granite":2,"minecraft:bread":3,"minecraft:emerald":26,"minecraft:gold_ingot":153,"firstaid:bandage":22,"spore:spine_fragment":4,"minecraft:oak_sapling":2,"minecraft:glow_berries":20,"minecraft:coal":115,"minecraft:skeleton_skull":3,"minecraft:cobblestone":83},"minecraft:mined":{"minecraft:dark_oak_planks":1,"minecraft:large_amethyst_bud":2,"minecraft:amethyst_cluster":2,"minecraft:torch":6,"minecraft:light_gray_terracotta":1,"minecraft:budding_amethyst":2,"minecraft:granite":1,"minecraft:cave_vines_plant":9,"minecraft:ladder":1,"minecraft:white_stained_glass":5,"minecraft:coal_block":2,"minecraft:copper_ore":99,"minecraft:cobblestone":12,"minecraft:spruce_leaves":1,"minecraft:oak_planks":1,"minecraft:diorite":1,"minecraft:wall_torch":1,"minecraft:amethyst_block":11,"minecraft:spawner":3,"minecraft:iron_ore":7,"minecraft:andesite":1,"minecraft:small_amethyst_bud":2,"minecraft:sculk_shrieker":1,"minecraft:coal_ore":28,"minecraft:oak_log":6,"minecraft:cave_vines":6,"minecraft:dripstone_block":1,"minecraft:cobweb":1,"minecraft:smooth_basalt":1,"minecraft:stone":40,"minecraft:stone_bricks":3,"minecraft:oak_leaves":9},"minecraft:dropped":{"minecraft:glow_ink_sac":1,"minecraft:glass_bottle":4,"last_of_us:noxioustree":6,"minecraft:granite":1,"minecraft:cobweb":4,"spore:living_boots":1,"minecraft:writable_book":1,"minecraft:oak_sapling":1,"minecraft:potion":2,"minecraft:spider_eye":1,"tacz:modern_kinetic_gun":2,"minecraft:string":2,"spore:armor_fragment":1},"minecraft:killed":{"spore:inf_wanderer":1,"minecraft:spider":1,"minecraft:creeper":2,"last_of_us:stalker":2,"spore:inf_villager":1,"spore:inf_human":2,"last_of_us:clicker":2,"spore:spitter":1},"minecraft:killed_by":{"last_of_us:runner":1,"minecraft:player":2,"last_of_us:clicker":1,"spore:inf_villager":2,"spore:inf_human":1,"spore:usurper":2,"last_of_us:stalker":2},"minecraft:crafted":{"minecraft:oak_planks":24,"minecraft:coal":9,"minecraft:crafting_table":2,"minecraft:wooden_pickaxe":1,"minecraft:air":0,"minecraft:stick":16,"minecraft:iron_ingot":8,"minecraft:iron_pickaxe":1,"minecraft:torch":20}},"DataVersion":3465}