{"stats":{"minecraft:used":{"minecraft:flint_and_steel":3,"minecraft:oak_planks":1,"minecraft:iron_sword":3,"minecraft:rotten_flesh":1,"minecraft:torch":18,"minecraft:glow_berries":1,"minecraft:crafting_table":1,"minecraft:dark_oak_planks":1,"minecraft:iron_pickaxe":17,"minecraft:iron_helmet":1,"minecraft:stone_bricks":1,"minecraft:diamond_chestplate":1,"minecraft:potion":4,"minecraft:coal_block":2,"minecraft:cobblestone":3,"minecraft:oak_sapling":1},"minecraft:custom":{"minecraft:mob_kills":6,"minecraft:interact_with_crafting_table":3,"minecraft:open_barrel":50,"minecraft:leave_game":1,"minecraft:time_since_death":11489,"minecraft:sleep_in_bed":2,"minecraft:climb_one_cm":6888,"minecraft:time_since_rest":1289,"minecraft:sprint_one_cm":114302,"minecraft:damage_taken":1667,"minecraft:walk_one_cm":154363,"minecraft:drop":20,"minecraft:damage_dealt":171,"minecraft:swim_one_cm":25,"minecraft:fly_one_cm":102916,"minecraft:open_chest":33,"minecraft:crouch_one_cm":825,"minecraft:play_time":49394,"minecraft:deaths":9,"minecraft:sneak_time":496,"minecraft:walk_under_water_one_cm":2718,"minecraft:jump":554,"minecraft:walk_on_water_one_cm":7302,"minecraft:total_world_time":49394,"minecraft:fall_one_cm":9269},"minecraft:picked_up":{"minecraft:charcoal":54,"minecraft:ladder":1,"minecraft:glow_ink_sac":2,"minecraft:potion":1,"minecraft:flint":188,"minecraft:oak_log":6,"spore:living_boots":2,"minecraft:gunpowder":7,"minecraft:string":4,"minecraft:flint_and_steel":9,"minecraft:iron_leggings":3,"tacz:ammo":53,"minecraft:bone":27,"minecraft:apple":1,"minecraft:stone_bricks":1,"minecraft:bucket":3,"minecraft:spruce_planks":326,"minecraft:iron_ingot":347,"spore:mutated_fiber":11,"minecraft:iron_pickaxe":3,"minecraft:coal_block":30,"minecraft:oak_planks":1,"minecraft:iron_sword":3,"minecraft:diamond_hoe":2,"minecraft:iron_boots":1,"minecraft:stick":4,"spore:armor_fragment":1,"minecraft:torch":9,"last_of_us:noxioustree":4,"minecraft:dark_oak_planks":1,"minecraft:diamond_chestplate":4,"minecraft:slime_ball":93,"minecraft:diamond":26,"minecraft:vex_armor_trim_smithing_template":1,"tacz:modern_kinetic_gun":5,"minecraft:iron_helmet":3,"minecraft:emerald":26,"minecraft:gold_ingot":153,"spore:spine_fragment":4,"minecraft:oak_sapling":2,"minecraft:glow_berries":1,"minecraft:coal":74,"minecraft:skeleton_skull":3,"minecraft:cobblestone":11},"minecraft:mined":{"minecraft:dark_oak_planks":1,"minecraft:ladder":1,"minecraft:white_stained_glass":5,"minecraft:coal_block":2,"minecraft:cobblestone":11,"minecraft:oak_planks":1,"minecraft:wall_torch":1,"minecraft:spawner":3,"minecraft:sculk_shrieker":1,"minecraft:oak_log":6,"minecraft:stone_bricks":1,"minecraft:oak_leaves":3},"minecraft:dropped":{"minecraft:glow_ink_sac":1,"minecraft:glass_bottle":4,"last_of_us:noxioustree":4,"minecraft:cobweb":4,"spore:living_boots":1,"minecraft:oak_sapling":1,"minecraft:potion":2,"tacz:modern_kinetic_gun":1,"minecraft:string":2,"spore:armor_fragment":1},"minecraft:killed":{"spore:inf_wanderer":1,"minecraft:spider":1,"minecraft:creeper":1,"spore:inf_villager":1,"spore:inf_human":1,"spore:spitter":1},"minecraft:killed_by":{"last_of_us:runner":1,"minecraft:player":2,"spore:inf_villager":1,"spore:inf_human":1,"spore:usurper":2,"last_of_us:stalker":2},"minecraft:crafted":{"minecraft:oak_planks":24,"minecraft:coal":9,"minecraft:crafting_table":2,"minecraft:wooden_pickaxe":1,"minecraft:stick":16,"minecraft:iron_pickaxe":1,"minecraft:torch":20}},"DataVersion":3465}