{"stats":{"minecraft:used":{"minecraft:dark_oak_planks":1,"minecraft:oak_planks":1,"minecraft:potion":2,"minecraft:oak_sapling":1},"minecraft:picked_up":{"minecraft:glow_ink_sac":2,"minecraft:potion":1,"minecraft:oak_log":6,"last_of_us:noxioustree":4,"minecraft:dark_oak_planks":1,"tacz:ammo":24,"minecraft:apple":1,"tacz:modern_kinetic_gun":1,"minecraft:oak_sapling":2,"minecraft:oak_planks":1},"minecraft:custom":{"minecraft:time_since_rest":6949,"minecraft:sprint_one_cm":52927,"minecraft:damage_taken":900,"minecraft:walk_one_cm":29051,"minecraft:drop":13,"minecraft:damage_dealt":22,"minecraft:interact_with_crafting_table":2,"minecraft:fly_one_cm":53128,"minecraft:open_barrel":14,"minecraft:open_chest":2,"minecraft:crouch_one_cm":213,"minecraft:play_time":12542,"minecraft:deaths":6,"minecraft:sneak_time":208,"minecraft:walk_under_water_one_cm":2451,"minecraft:jump":249,"minecraft:time_since_death":6918,"minecraft:walk_on_water_one_cm":6715,"minecraft:climb_one_cm":6792,"minecraft:total_world_time":12542,"minecraft:fall_one_cm":5073},"minecraft:mined":{"minecraft:dark_oak_planks":1,"minecraft:sculk_shrieker":1,"minecraft:oak_log":6,"minecraft:white_stained_glass":5,"minecraft:oak_planks":1,"minecraft:oak_leaves":3},"minecraft:dropped":{"minecraft:cobweb":4,"minecraft:glow_ink_sac":1,"minecraft:glass_bottle":2,"minecraft:oak_sapling":1,"minecraft:potion":1,"last_of_us:noxioustree":4},"minecraft:killed_by":{"spore:usurper":2,"last_of_us:runner":1,"last_of_us:stalker":2,"spore:inf_human":1},"minecraft:crafted":{"minecraft:oak_planks":24,"minecraft:crafting_table":1,"minecraft:stick":8,"minecraft:wooden_pickaxe":1}},"DataVersion":3465}