{"stats":{"minecraft:used":{"minecraft:writable_book":1,"minecraft:flint_and_steel":3,"minecraft:iron_sword":17,"minecraft:rotten_flesh":1,"minecraft:torch":37,"minecraft:granite":1,"minecraft:dark_oak_planks":1,"minecraft:iron_helmet":1,"minecraft:stone_bricks":1,"minecraft:diamond_chestplate":1,"minecraft:oak_sapling":1,"minecraft:amethyst_block":9,"minecraft:oak_planks":1,"minecraft:glow_berries":38,"minecraft:crafting_table":1,"minecraft:bread":3,"minecraft:iron_pickaxe":221,"minecraft:coal_block":2,"minecraft:cobblestone":24,"minecraft:potion":4,"minecraft:andesite":1,"minecraft:smooth_stone_slab":2},"minecraft:custom":{"minecraft:mob_kills":12,"minecraft:interact_with_crafting_table":3,"minecraft:open_barrel":54,"minecraft:leave_game":4,"minecraft:time_since_death":6654,"minecraft:climb_one_cm":18035,"minecraft:sprint_one_cm":372956,"minecraft:walk_one_cm":441024,"minecraft:drop":42,"minecraft:play_time":134671,"minecraft:deaths":15,"minecraft:sneak_time":5097,"minecraft:walk_under_water_one_cm":2889,"minecraft:jump":1752,"minecraft:interact_with_blast_furnace":51,"minecraft:walk_on_water_one_cm":14230,"minecraft:total_world_time":134671,"minecraft:interact_with_furnace":27,"minecraft:sleep_in_bed":3,"minecraft:time_since_rest":6685,"minecraft:damage_taken":3112,"minecraft:damage_dealt":645,"minecraft:swim_one_cm":702,"minecraft:fly_one_cm":257814,"minecraft:player_kills":7,"minecraft:open_chest":77,"minecraft:crouch_one_cm":14054,"minecraft:fall_one_cm":33196},"minecraft:picked_up":{"minecraft:charcoal":54,"minecraft:iron_chestplate":1,"minecraft:wheat":1,"minecraft:clay_ball":12,"minecraft:ladder":1,"minecraft:leather_leggings":1,"minecraft:potion":1,"minecraft:amethyst_block":20,"minecraft:flint_and_steel":9,"minecraft:raw_copper":721,"minecraft:string":14,"minecraft:smooth_stone_slab":5,"minecraft:iron_leggings":12,"tacz:ammo":733,"minecraft:cracked_stone_bricks":1,"minecraft:bucket":3,"minecraft:spruce_planks":326,"minecraft:calcite":13,"minecraft:iron_pickaxe":9,"minecraft:coal_block":30,"minecraft:diamond_hoe":2,"minecraft:iron_boots":7,"minecraft:stick":4,"minecraft:raw_iron":16,"minecraft:copper_ingot":64,"minecraft:torch":67,"minecraft:diorite":2,"minecraft:dark_oak_planks":1,"minecraft:arrow":6,"minecraft:diamond_chestplate":9,"minecraft:vex_armor_trim_smithing_template":1,"minecraft:saddle":1,"minecraft:gold_ingot":153,"firstaid:bandage":22,"spore:gas_mask":2,"minecraft:glow_berries":20,"minecraft:skeleton_skull":3,"minecraft:cobblestone":85,"minecraft:cooked_beef":19,"minecraft:glow_ink_sac":2,"minecraft:andesite":1,"minecraft:potato":12,"minecraft:flint":190,"minecraft:oak_log":19,"spore:living_boots":2,"minecraft:gunpowder":7,"minecraft:name_tag":2,"minecraft:bone":36,"minecraft:apple":1,"minecraft:stone_bricks":17,"minecraft:gray_terracotta":6,"minecraft:iron_ingot":356,"spore:mutated_fiber":14,"minecraft:oak_planks":1,"minecraft:iron_sword":9,"minecraft:smooth_basalt":1,"spore:armor_fragment":1,"minecraft:amethyst_shard":16,"last_of_us:noxioustree":9,"minecraft:spider_eye":1,"minecraft:slime_ball":93,"minecraft:diamond":26,"tacz:modern_kinetic_gun":19,"minecraft:writable_book":3,"minecraft:iron_helmet":9,"minecraft:granite":2,"minecraft:golden_apple":1,"minecraft:emerald":26,"minecraft:bread":3,"spore:spine_fragment":4,"minecraft:oak_sapling":2,"minecraft:coal":115},"minecraft:mined":{"minecraft:dark_oak_planks":1,"minecraft:large_amethyst_bud":2,"minecraft:ladder":1,"minecraft:cave_vines_plant":9,"minecraft:granite":1,"minecraft:budding_amethyst":2,"minecraft:white_stained_glass":5,"minecraft:coal_block":2,"minecraft:spruce_leaves":1,"minecraft:spawner":3,"minecraft:iron_ore":7,"minecraft:andesite":1,"minecraft:sculk_shrieker":1,"minecraft:cave_vines":6,"minecraft:small_amethyst_bud":2,"minecraft:stone":40,"minecraft:amethyst_cluster":2,"minecraft:torch":6,"minecraft:light_gray_terracotta":1,"minecraft:copper_ore":99,"minecraft:cobblestone":14,"minecraft:oak_planks":1,"minecraft:diorite":1,"minecraft:wall_torch":1,"minecraft:amethyst_block":11,"minecraft:oak_log":6,"minecraft:coal_ore":28,"minecraft:dripstone_block":1,"minecraft:cobweb":1,"minecraft:smooth_basalt":1,"minecraft:stone_bricks":3,"minecraft:oak_leaves":9},"minecraft:dropped":{"minecraft:cooked_beef":19,"minecraft:glow_ink_sac":1,"minecraft:glass_bottle":4,"last_of_us:noxioustree":6,"minecraft:granite":1,"minecraft:copper_ingot":64,"minecraft:cobweb":4,"spore:living_boots":1,"minecraft:diorite":2,"minecraft:potion":2,"minecraft:iron_leggings":3,"minecraft:writable_book":2,"tacz:modern_kinetic_gun":2,"minecraft:string":3,"minecraft:smooth_stone_slab":3,"spore:gas_mask":2,"spore:mutated_fiber":3,"minecraft:gray_terracotta":6,"minecraft:iron_chestplate":1,"minecraft:oak_sapling":1,"minecraft:leather_leggings":1,"minecraft:stone_bricks":13,"minecraft:spider_eye":1,"spore:armor_fragment":1},"minecraft:killed":{"minecraft:spider":1,"last_of_us:clicker":2,"spore:spitter":1,"spore:inf_wanderer":1,"minecraft:creeper":2,"last_of_us:stalker":2,"spore:inf_villager":1,"spore:inf_human":2},"minecraft:killed_by":{"minecraft:player":6,"spore:inf_human":1,"spore:usurper":2,"last_of_us:runner":1,"last_of_us:clicker":1,"spore:inf_villager":2,"last_of_us:stalker":2},"minecraft:crafted":{"minecraft:oak_planks":24,"minecraft:coal":9,"minecraft:crafting_table":2,"minecraft:wooden_pickaxe":1,"minecraft:copper_ingot":288,"minecraft:air":0,"minecraft:stick":16,"minecraft:iron_pickaxe":1,"minecraft:iron_ingot":49,"minecraft:torch":20}},"DataVersion":3465}